_id,geometry,locality,placeName,placeNameId
5b418df63d88413b6ca9d940,"{""type"": ""MultiPoint"", ""coordinates"": [[172.63192630717296, -43.4466431026937]]}",Belfast,Salvation Army Pensioner Flats,1081
5b418df63d88413b6ca9d928,"{""type"": ""MultiPoint"", ""coordinates"": [[172.573682492233, -43.583880319483]]}",Halswell,Sparks Walkway,1028
5b418df63d88413b6ca9d949,"{""type"": ""MultiPoint"", ""coordinates"": [[172.613353579836, -43.4764719272547]]}",Redwood,Redwood Park,1094
5b418df63d88413b6ca9d957,"{""type"": ""MultiPoint"", ""coordinates"": [[172.660475827467, -43.5122672131247]]}",Richmond,Shirley Boys High School,1126
5b418df63d88413b6ca9d91f,"{""type"": ""MultiPoint"", ""coordinates"": [[172.522592364077, -43.53857924075919]]}",Hei Hei,Hornby Primary School,1015
5b418df63d88413b6ca9d92d,"{""type"": ""MultiPoint"", ""coordinates"": [[172.54382083166698, -43.5103084637909]]}",Avonhead,Avonhead Park,1036
5b418df63d88413b6ca9d934,"{""type"": ""MultiPoint"", ""coordinates"": [[172.65728542151697, -43.53830446238949]]}",Phillipstown,Cross Reserve,105
5b418df63d88413b6ca9d953,"{""type"": ""MultiPoint"", ""coordinates"": [[172.569186496215, -43.5617896281715]]}",Oaklands,Hogben School,1119
5b418df63d88413b6ca9d93e,"{""type"": ""MultiPoint"", ""coordinates"": [[172.685498484954, -43.4998631945248]]}",Burwood,Burwood School,1079
5b418df63d88413b6ca9d956,"{""type"": ""MultiPoint"", ""coordinates"": [[172.709476086595, -43.5812573766634]]}",Heathcote,Birdsey Reserve,1125
5b418df63d88413b6ca9d923,"{""type"": ""MultiPoint"", ""coordinates"": [[172.703968158556, -43.4770838795263]]}",Queenspark,Evergreen Reserve,1019
5b418df63d88413b6ca9d92c,"{""type"": ""MultiPoint"", ""coordinates"": [[172.62113754413997, -43.5298567593044]]}",Central City,Botanic Gardens,1033
5b418df63d88413b6ca9d92f,"{""type"": ""MultiPoint"", ""coordinates"": [[172.710097949951, -43.4795487769302]]}",Queenspark,Crofts Reserve,104
5b418df63d88413b6ca9d933,"{""type"": ""MultiPoint"", ""coordinates"": [[172.57826737615096, -43.5136180059947]]}",Ilam,Ryeland Reserve,1049
5b418df63d88413b6ca9d930,"{""type"": ""MultiPoint"", ""coordinates"": [[172.638344267676, -43.5234994908413]]}",Central City,Maryville Courts,1040
5b418df63d88413b6ca9d94e,"{""type"": ""MultiPoint"", ""coordinates"": [[172.554671059523, -43.530286294307]]}",Upper Riccarton,Doncaster Reserve,111
5b418df63d88413b6ca9d925,"{""type"": ""MultiPoint"", ""coordinates"": [[172.702347247948, -43.53378813056]]}",Bromley,Francella Reserve,1021
5b418df63d88413b6ca9d922,"{""type"": ""MultiPoint"", ""coordinates"": [[172.625485198349, -43.46700906993419]]}",Redwood,Vaughan Reserve,1018
5b418df63d88413b6ca9d927,"{""type"": ""MultiPoint"", ""coordinates"": [[172.708083423134, -43.57434519254329]]}",Heathcote,Cooks Reserve,1027
5b418df63d88413b6ca9d93b,"{""type"": ""MultiPoint"", ""coordinates"": [[172.63742770997797, -43.5350701201216]]}",Central City,Civic Creche,1071
5b418df63d88413b6ca9d94b,"{""type"": ""MultiPoint"", ""coordinates"": [[172.582327845073, -43.501144483857]]}",Bryndwr,Derwent Reserve,110
5b418df63d88413b6ca9d932,"{""type"": ""MultiPoint"", ""coordinates"": [[172.640208703414, -43.5295179736779]]}",Central City,Manchester Street Carpark,1046
5b418df63d88413b6ca9d94d,"{""type"": ""MultiPoint"", ""coordinates"": [[172.769737806794, -43.573410935514]]}",Sumner,Scarborough Park,1104
5b418df63d88413b6ca9d950,"{""type"": ""MultiPoint"", ""coordinates"": [[172.582739930722, -43.551464927270196]]}",Sockburn,formerly Canterbury Park,1111
5b418df63d88413b6ca9d951,"{""type"": ""MultiPoint"", ""coordinates"": [[172.564655224505, -43.5361233165732]]}",Upper Riccarton,Riccarton High School,1114
5b418df63d88413b6ca9d91c,"{""type"": ""MultiPoint"", ""coordinates"": [[172.702130994158, -43.4284702133177]]}",Spencerville,Seafield Park,1010
5b418df63d88413b6ca9d938,"{""type"": ""MultiPoint"", ""coordinates"": [[172.575198256251, -43.50749828647869]]}",Burnside,Burnside High School,1061
5b418df63d88413b6ca9d944,"{""type"": ""MultiPoint"", ""coordinates"": [[172.510783806027, -43.5461561159854]]}",Hornby,Hornby Domain,109
5b418df63d88413b6ca9d929,"{""type"": ""MultiPoint"", ""coordinates"": [[172.680780145452, -43.4835355759001]]}",Burwood,Villa Maria Complex,1029
5b418df63d88413b6ca9d946,"{""type"": ""MultiPoint"", ""coordinates"": [[172.716833415479, -43.556228399029]]}",St Andrews Hill,King Park,1091
5b418df63d88413b6ca9d93d,"{""type"": ""MultiPoint"", ""coordinates"": [[172.705276224884, -43.5120384411221]]}",Aranui,St James Primary School,1076
5b418df63d88413b6ca9d94c,"{""type"": ""MultiPoint"", ""coordinates"": [[172.758372953094, -43.5663323475452]]}",Sumner,Sumner Beach,1102
5b418df63d88413b6ca9d92b,"{""type"": ""MultiPoint"", ""coordinates"": [[172.705955731619, -43.4804036038485]]}",Parklands,Parkview School,1031
5b418df63d88413b6ca9d91b,"{""type"": ""MultiPoint"", ""coordinates"": [[172.70422682667296, -43.5001528742923]]}",New Brighton,Kate Sheppard Community Centre,1009
5b418df63d88413b6ca9d947,"{""type"": ""MultiPoint"", ""coordinates"": [[172.616173444995, -43.4782129163373]]}",Northcote,Redwood Community Centre,1092
5b418df63d88413b6ca9d94f,"{""type"": ""MultiPoint"", ""coordinates"": [[172.600831361229, -43.5189096353523]]}",Fendalton,Idris Reserve,1110
5b418df63d88413b6ca9d921,"{""type"": ""MultiPoint"", ""coordinates"": [[172.651648618125, -43.4379541603738]]}",Chaneys,Ouruhia Cemetery,1017
5b418df63d88413b6ca9d937,"{""type"": ""MultiPoint"", ""coordinates"": [[172.568245589069, -43.5725772559898]]}",Oaklands,Cunningham Reserve,106
5b418df63d88413b6ca9d948,"{""type"": ""MultiPoint"", ""coordinates"": [[172.616461189639, -43.4774398599737]]}",Redwood,Redwood Library,1093
5b418df63d88413b6ca9d94a,"{""type"": ""MultiPoint"", ""coordinates"": [[172.6762566251, -43.5422577412306]]}",Linwood,Arran Playground,11
5b418df63d88413b6ca9d952,"{""type"": ""MultiPoint"", ""coordinates"": [[172.544794991344, -43.5470602174637]]}",Hornby,Wigram Village Green,1118
5b418df63d88413b6ca9d91d,"{""type"": ""MultiPoint"", ""coordinates"": [[172.63210978526897, -43.5289113855098]]}",Central City,West Fitzroy Apartments,1012
5b418df63d88413b6ca9d92e,"{""type"": ""MultiPoint"", ""coordinates"": [[172.638372619367, -43.5234998085562]]}",Central City,Maryville Service Centre,1039
5b418df63d88413b6ca9d918,"{""type"": ""MultiPoint"", ""coordinates"": [[172.707937845909, -43.4835217731717]]}",Queenspark,Aberfoyle Courts,1
5b418df63d88413b6ca9d935,"{""type"": ""MultiPoint"", ""coordinates"": [[172.563506386639, -43.5119779271611]]}",Avonhead,St Christophers School,1052
5b418df63d88413b6ca9d93a,"{""type"": ""MultiPoint"", ""coordinates"": [[172.696266785178, -43.4820062531929]]}",Parklands,Curzon Reserve,107
5b418df63d88413b6ca9d93c,"{""type"": ""MultiPoint"", ""coordinates"": [[172.69608135755797, -43.5159385336907]]}",Wainoni,Aranui High School,1073
5b418df63d88413b6ca9d955,"{""type"": ""MultiPoint"", ""coordinates"": [[172.644180285484, -43.509739114687]]}",St Albans,St Albans Park,1123
5b418df63d88413b6ca9d91e,"{""type"": ""MultiPoint"", ""coordinates"": [[172.70045967066397, -43.3970901354668]]}",Brooklands,Styx River Mouth Conservation Reserve,1013
5b418df63d88413b6ca9d920,"{""type"": ""MultiPoint"", ""coordinates"": [[172.650943626703, -43.4397795530653]]}",Ouruhia,Ouruhia Reserve,1016
5b418df63d88413b6ca9d926,"{""type"": ""MultiPoint"", ""coordinates"": [[172.67583959928297, -43.4753851403499]]}",Burwood,Limes Reserve,1022
5b418df63d88413b6ca9d93f,"{""type"": ""MultiPoint"", ""coordinates"": [[172.544292697127, -43.517554284673]]}",Russley,Russley School,108
5b418df63d88413b6ca9d943,"{""type"": ""MultiPoint"", ""coordinates"": [[172.731375406907, -43.5070924947694]]}",New Brighton,New Brighton Library,1085
5b418df63d88413b6ca9d945,"{""type"": ""MultiPoint"", ""coordinates"": [[172.739806802407, -43.5631067330516]]}",Moncks Spur,Moncks Cave Reserve,1090
5b418df63d88413b6ca9d91a,"{""type"": ""MultiPoint"", ""coordinates"": [[172.612842642306, -43.4545747898693]]}",Belfast,Kaputone Springs Reserve,1008
5b418df63d88413b6ca9d924,"{""type"": ""MultiPoint"", ""coordinates"": [[172.701292808219, -43.4731133703002]]}",Parklands,Copperfield Reserve,102
5b418df63d88413b6ca9d931,"{""type"": ""MultiPoint"", ""coordinates"": [[172.638749204202, -43.52786299732449]]}",Central City,Edmonds Band Rotunda,1043
5b418df63d88413b6ca9d936,"{""type"": ""MultiPoint"", ""coordinates"": [[172.580660546124, -43.523233765019]]}",Ilam,University Of Canterbury,1056
5b418df63d88413b6ca9d942,"{""type"": ""MultiPoint"", ""coordinates"": [[172.723265037173, -43.5058394794574]]}",New Brighton,New Brighton Catholic School,1083
5b418df63d88413b6ca9d919,"{""type"": ""MultiPoint"", ""coordinates"": [[172.67845986268, -43.5395324494071]]}",Linwood,Arran Courts,10
5b418df63d88413b6ca9d92a,"{""type"": ""MultiPoint"", ""coordinates"": [[172.57840942451097, -43.4795098609538]]}",Bishopdale,Crofton Reserve,103
5b418df63d88413b6ca9d939,"{""type"": ""MultiPoint"", ""coordinates"": [[172.574404790075, -43.4987869788794]]}",Burnside,Kendal Primary School,1063
5b418df63d88413b6ca9d941,"{""type"": ""MultiPoint"", ""coordinates"": [[172.521728069044, -43.5183644673575]]}",Yaldhurst,McKenzie Residential School,1082
5b418df63d88413b6ca9d954,"{""type"": ""MultiPoint"", ""coordinates"": [[172.704187248677, -43.4818836329263]]}",Queenspark,Parklands Reserve,112
5b418df63d88413b6ca9d966,"{""type"": ""MultiPoint"", ""coordinates"": [[172.617547143278, -43.5198488400585]]}",Merivale,Rangi Ruru Girls School,1153
5b418df63d88413b6ca9d95a,"{""type"": ""MultiPoint"", ""coordinates"": [[172.656187175563, -43.5377975958086]]}",Phillipstown,Phillipstown School,1134
5b418df63d88413b6ca9d96b,"{""type"": ""MultiPoint"", ""coordinates"": [[172.628829905057, -43.5026603626876]]}",St Albans,Knowles Plantation Reserve,1161
5b418df63d88413b6ca9d98a,"{""type"": ""MultiPoint"", ""coordinates"": [[172.52554932815198, -43.5343452705545]]}",Hei Hei,St Bernadettes School,1210
5b418df63d88413b6ca9d9b7,"{""type"": ""MultiPoint"", ""coordinates"": [[172.801734604529, -43.5868766731036]]}",Scarborough,Awaroa,1298
5b418df63d88413b6ca9d9bd,"{""type"": ""MultiPoint"", ""coordinates"": [[172.874591923116, -43.7597566920684]]}",Wainui,Bayview,1303
5b418df63d88413b6ca9d9c5,"{""type"": ""MultiPoint"", ""coordinates"": [[172.754631587334, -43.6436020775582]]}",Diamond Harbour,Bluegums,1310
5b418df63d88413b6ca9d9cb,"{""type"": ""MultiPoint"", ""coordinates"": [[172.613304846816, -43.6026201406954]]}",Hoon Hay Valley,Bushbury,1316
5b418df63d88413b6ca9d9ce,"{""type"": ""MultiPoint"", ""coordinates"": [[172.867308223026, -43.8442785138981]]}",Wainui,Carews Peak Reserve,1319
5b418df63d88413b6ca9d9eb,"{""type"": ""MultiPoint"", ""coordinates"": [[172.672417328481, -43.5448882166728]]}",Linwood,Mary Dixon Park,135
5b418df73d88413b6ca9da02,"{""type"": ""MultiPoint"", ""coordinates"": [[172.558915419717, -43.7253941498192]]}",Ahuriri,Hauroko,1372
5b418df63d88413b6ca9d96e,"{""type"": ""MultiPoint"", ""coordinates"": [[172.601646947315, -43.5309591147512]]}",Riccarton,Riccarton Community Centre,1165
5b418df63d88413b6ca9d974,"{""type"": ""MultiPoint"", ""coordinates"": [[172.618779883378, -43.4629619557262]]}",Belfast,Lassiter Reserve,1180
5b418df63d88413b6ca9d982,"{""type"": ""MultiPoint"", ""coordinates"": [[172.54024929283898, -43.55526684346209]]}",Hornby,Awatea Basin,1200
5b418df63d88413b6ca9d99a,"{""type"": ""MultiPoint"", ""coordinates"": [[172.517964685802, -43.5299359935112]]}",Hei Hei,Kaniere Reserve,1230
5b418df63d88413b6ca9d9a1,"{""type"": ""MultiPoint"", ""coordinates"": [[172.665954661831, -43.5661239580729]]}",St Martins,Erewhon Reserve,127
5b418df63d88413b6ca9d9a8,"{""type"": ""MultiPoint"", ""coordinates"": [[172.634237206943, -43.5634991661564]]}",Beckenham,Ernlea Reserve,128
5b418df63d88413b6ca9d9b1,"{""type"": ""MultiPoint"", ""coordinates"": [[172.275020980599, -43.8453678645146]]}",,Altonbrook,1291
5b418df63d88413b6ca9d9b4,"{""type"": ""MultiPoint"", ""coordinates"": [[172.571631964833, -43.7180713372419]]}",Ahuriri,Aran Lodge,1295
5b418df63d88413b6ca9d9d6,"{""type"": ""MultiPoint"", ""coordinates"": [[172.700175814728, -43.5530176223033]]}",Woolston,Charlesworth Reserve,133
5b418df63d88413b6ca9d9e1,"{""type"": ""MultiPoint"", ""coordinates"": [[172.70467318639396, -43.5609641606047]]}",Ferrymead,Settlers Reserve,134
5b418df63d88413b6ca9d9e8,"{""type"": ""MultiPoint"", ""coordinates"": [[173.093404201663, -43.83354648440089]]}",Akaroa,Fishermans Bay,1346
5b418df63d88413b6ca9d9ec,"{""type"": ""MultiPoint"", ""coordinates"": [[172.821737441544, -43.7389417276436]]}",Little River,Forest Hills,1350
5b418df63d88413b6ca9d9f4,"{""type"": ""MultiPoint"", ""coordinates"": [[172.888071003423, -43.6999591904248]]}",Pigeon Bay,Glenrallock,1358
5b418df63d88413b6ca9d9f8,"{""type"": ""MultiPoint"", ""coordinates"": [[172.949127712215, -43.7515186953786]]}",Duvauchelle,Glentui,1361
5b418df63d88413b6ca9d9fb,"{""type"": ""MultiPoint"", ""coordinates"": [[172.744659034929, -43.6024589116223]]}",Lyttelton,Gollans Bay,1365
5b418df73d88413b6ca9da01,"{""type"": ""MultiPoint"", ""coordinates"": [[172.786190424672, -43.5843541176059]]}",Scarborough,Harris Bay,1371
5b418df73d88413b6ca9da0c,"{""type"": ""MultiPoint"", ""coordinates"": [[172.83213666382696, -43.8797509360605]]}",Little River,Horseshoe Bay,1383
5b418df63d88413b6ca9d964,"{""type"": ""MultiPoint"", ""coordinates"": [[172.576827195272, -43.5372848986666]]}",Upper Riccarton,Middleton Grange School,1150
5b418df63d88413b6ca9d96a,"{""type"": ""MultiPoint"", ""coordinates"": [[172.631450441342, -43.5733634827577]]}",Cashmere,Cashmere Village Green,116
5b418df63d88413b6ca9d972,"{""type"": ""MultiPoint"", ""coordinates"": [[172.62623527363797, -43.5341320735551]]}",Central City,Christchurch Hospital,1178
5b418df63d88413b6ca9d987,"{""type"": ""MultiPoint"", ""coordinates"": [[172.731645954627, -43.5650867323033]]}",Balmoral Hill,Challenger Lane Walkway,1207
5b418df63d88413b6ca9d9b5,"{""type"": ""MultiPoint"", ""coordinates"": [[172.99331602304, -43.8352595815295]]}",Akaroa,Armstrong Reserve,1296
5b418df63d88413b6ca9d9cc,"{""type"": ""MultiPoint"", ""coordinates"": [[172.783055551795, -43.6178754906328]]}",Diamond Harbour,Camp Bay,1317
5b418df63d88413b6ca9d9d7,"{""type"": ""MultiPoint"", ""coordinates"": [[172.884517948289, -43.6747289345217]]}",Pigeon Bay,Craigforth,1330
5b418df63d88413b6ca9d9d8,"{""type"": ""MultiPoint"", ""coordinates"": [[172.266680158281, -43.8506177493201]]}",,Dalkeith,1331
5b418df63d88413b6ca9d9de,"{""type"": ""MultiPoint"", ""coordinates"": [[172.93442231668, -43.759570064998]]}",Duvauchelle,Duvauchelle Bay,1337
5b418df63d88413b6ca9d9f3,"{""type"": ""MultiPoint"", ""coordinates"": [[172.891707408147, -43.7225152960016]]}",Pigeon Bay,Glenlea,1357
5b418df63d88413b6ca9d967,"{""type"": ""MultiPoint"", ""coordinates"": [[172.613667140365, -43.4884896943641]]}",Papanui,St Josephs School,1155
5b418df63d88413b6ca9d97c,"{""type"": ""MultiPoint"", ""coordinates"": [[172.638693850444, -43.5312600276577]]}",Central City,Heritage Hotel Carpark,1193
5b418df63d88413b6ca9d97f,"{""type"": ""MultiPoint"", ""coordinates"": [[172.577322484096, -43.5000053556412]]}",Burnside,Waimairi Cemetery,1197
5b418df63d88413b6ca9d98c,"{""type"": ""MultiPoint"", ""coordinates"": [[172.718343121584, -43.4787936075997]]}",North Shore,Eastwood Reserve,1212
5b418df63d88413b6ca9d9b9,"{""type"": ""MultiPoint"", ""coordinates"": [[172.617089693642, -43.5719901240273]]}",Spreydon,Ashgrove Reserve,13
5b418df63d88413b6ca9d9be,"{""type"": ""MultiPoint"", ""coordinates"": [[172.25751708651399, -43.8641107594687]]}",,Beachcroft,1304
5b418df63d88413b6ca9d9c8,"{""type"": ""MultiPoint"", ""coordinates"": [[172.98673076699498, -43.6650054121475]]}",Okains Bay,Brockworth,1313
5b418df63d88413b6ca9d9d9,"{""type"": ""MultiPoint"", ""coordinates"": [[172.993488713479, -43.881034488471194]]}",Akaroa,Damons Bay,1332
5b418df63d88413b6ca9d9dc,"{""type"": ""MultiPoint"", ""coordinates"": [[172.830908711263, -43.8282153783751]]}",Little River,Devils Gap Reserve,1335
5b418df63d88413b6ca9d9e3,"{""type"": ""MultiPoint"", ""coordinates"": [[173.030466499547, -43.79663108716599]]}",Le Bons Bay,Ellangowan Reserve,1341
5b418df73d88413b6ca9da04,"{""type"": ""MultiPoint"", ""coordinates"": [[172.982306903558, -43.8898153114411]]}",Akaroa,Haylocks Bay,1374
5b418df63d88413b6ca9d962,"{""type"": ""MultiPoint"", ""coordinates"": [[172.61181437618697, -43.4986421149273]]}",Papanui,Christchurch Adventist School,1149
5b418df63d88413b6ca9d96c,"{""type"": ""MultiPoint"", ""coordinates"": [[172.63532777631, -43.5126978014685]]}",St Albans,Edgeware Swimming Pool,1162
5b418df63d88413b6ca9d98e,"{""type"": ""MultiPoint"", ""coordinates"": [[172.57537346396896, -43.5832907384974]]}",Halswell,Sparks Walkway,1214
5b418df63d88413b6ca9d993,"{""type"": ""MultiPoint"", ""coordinates"": [[172.57839936496896, -43.5789635097761]]}",Halswell,Milns Reserve,1221
5b418df63d88413b6ca9d9a4,"{""type"": ""MultiPoint"", ""coordinates"": [[172.741589964832, -43.5840089350281]]}",Clifton,Greenwood Park,1273
5b418df63d88413b6ca9d9aa,"{""type"": ""MultiPoint"", ""coordinates"": [[172.72944045487696, -43.760046639788094]]}",Motukarara,Acland Downs,1283
5b418df63d88413b6ca9d9ad,"{""type"": ""MultiPoint"", ""coordinates"": [[172.607239776506, -43.6646583865017]]}",Tai Tapu,Ahuriri Reserve,1286
5b418df63d88413b6ca9d9bf,"{""type"": ""MultiPoint"", ""coordinates"": [[172.895236218166, -43.8071451449686]]}",Wainui,Beacon Hill,1305
5b418df63d88413b6ca9d9c3,"{""type"": ""MultiPoint"", ""coordinates"": [[172.87536111816698, -43.6180010835059]]}",Port Levy,Blind Bay,1309
5b418df63d88413b6ca9d9da,"{""type"": ""MultiPoint"", ""coordinates"": [[172.999208597926, -43.6534519002337]]}",Okains Bay,Decanter Bay,1333
5b418df63d88413b6ca9d9e7,"{""type"": ""MultiPoint"", ""coordinates"": [[172.82067150536298, -43.6658223735624]]}",Port Levy,Fernlea,1345
5b418df63d88413b6ca9d9e9,"{""type"": ""MultiPoint"", ""coordinates"": [[172.37681354515, -43.8495353432777]]}",Birdlings Flat,Fishermans Point,1347
5b418df63d88413b6ca9d994,"{""type"": ""MultiPoint"", ""coordinates"": [[172.602994952543, -43.4941081540474]]}",Papanui,Camellia Court Rest Home,1222
5b418df63d88413b6ca9d963,"{""type"": ""MultiPoint"", ""coordinates"": [[172.622130189361, -43.4771965490235]]}",Redwood,Dunedin Reserve,115
5b418df63d88413b6ca9d997,"{""type"": ""MultiPoint"", ""coordinates"": [[172.561261354028, -43.56752210493809]]}",Oaklands,Dunbars Reserve,1227
5b418df63d88413b6ca9d980,"{""type"": ""MultiPoint"", ""coordinates"": [[172.63327507784, -43.534790298205]]}",Central City,St Michaels School,1198
5b418df63d88413b6ca9d99c,"{""type"": ""MultiPoint"", ""coordinates"": [[172.663564794768, -43.5448681908042]]}",Woolston,Mackenzie Courts,125
5b418df63d88413b6ca9d9ba,"{""type"": ""MultiPoint"", ""coordinates"": [[172.586602233537, -43.49078186395539]]}",Bishopdale,Farrington Reserve,130
5b418df63d88413b6ca9d9a2,"{""type"": ""MultiPoint"", ""coordinates"": [[172.675413330784, -43.5358597479321]]}",Linwood,Linwood Park,1270
5b418df63d88413b6ca9d9cd,"{""type"": ""MultiPoint"", ""coordinates"": [[172.909726802813, -43.8302314333545]]}",Wainui,Cape Three Points,1318
5b418df63d88413b6ca9d9a5,"{""type"": ""MultiPoint"", ""coordinates"": [[172.68454962325, -43.474255477002]]}",Burwood,Rothesay Reserve,1274
5b418df63d88413b6ca9d9d4,"{""type"": ""MultiPoint"", ""coordinates"": [[173.090610699017, -43.83584722428]]}",Akaroa,Clay Point,1327
5b418df63d88413b6ca9d9a6,"{""type"": ""MultiPoint"", ""coordinates"": [[172.689157505229, -43.5098706877352]]}",Wainoni,Chisnallwood Intermediate School,1276
5b418df73d88413b6ca9da10,"{""type"": ""MultiPoint"", ""coordinates"": [[172.60170624999697, -43.5632738923276]]}",Hoon Hay,Gainsborough Reserve,139
5b418df63d88413b6ca9d9b8,"{""type"": ""MultiPoint"", ""coordinates"": [[172.85307733783, -43.604503609267]]}",Port Levy,Baleine Point,1299
5b418df63d88413b6ca9d958,"{""type"": ""MultiPoint"", ""coordinates"": [[172.635295792217, -43.5120626970575]]}",St Albans,Dover Courts,113
5b418df63d88413b6ca9d95f,"{""type"": ""MultiPoint"", ""coordinates"": [[172.613627572695, -43.5639409324787]]}",Spreydon,Spreydon Community Centre,1145
5b418df63d88413b6ca9d969,"{""type"": ""MultiPoint"", ""coordinates"": [[172.596848296362, -43.5365167052762]]}",Riccarton,Wharenui School,1159
5b418df63d88413b6ca9d971,"{""type"": ""MultiPoint"", ""coordinates"": [[172.629214912086, -43.53156198597729]]}",Central City,Arts Centre,1174
5b418df63d88413b6ca9d986,"{""type"": ""MultiPoint"", ""coordinates"": [[172.706592311331, -43.4786046365375]]}",Parklands,Arthur Adcock Memorial Reserve,1206
5b418df63d88413b6ca9d98b,"{""type"": ""MultiPoint"", ""coordinates"": [[172.720280864967, -43.4793650777232]]}",North Shore,Eastwood Reserve,1211
5b418df63d88413b6ca9d9b2,"{""type"": ""MultiPoint"", ""coordinates"": [[172.906391223195, -43.826128781021495]]}",Wainui,Anchorage Bay,1292
5b418df63d88413b6ca9d9c6,"{""type"": ""MultiPoint"", ""coordinates"": [[172.796814543701, -43.5814976249459]]}",Scarborough,Boulder Bay,1311
5b418df63d88413b6ca9d9ca,"{""type"": ""MultiPoint"", ""coordinates"": [[172.66276556266698, -43.6766990657685]]}",Governors Bay,Burnt Hollow,1315
5b418df63d88413b6ca9d9d3,"{""type"": ""MultiPoint"", ""coordinates"": [[172.60659296312397, -43.7029537811277]]}",Motukarara,Church Farm,1326
5b418df63d88413b6ca9d9f2,"{""type"": ""MultiPoint"", ""coordinates"": [[172.65524630248, -43.707448990309]]}",Motukarara,Glencoe,1356
5b418df63d88413b6ca9d9f5,"{""type"": ""MultiPoint"", ""coordinates"": [[172.865188306075, -43.7111267103478]]}",Pigeon Bay,Glenrallock Reserve,1359
5b418df73d88413b6ca9da00,"{""type"": ""MultiPoint"", ""coordinates"": [[172.950170428493, -43.7746822948104]]}",Akaroa,Hammond Point,1370
5b418df63d88413b6ca9d95e,"{""type"": ""MultiPoint"", ""coordinates"": [[172.59988205723297, -43.5249036466373]]}",Fendalton,Christchurch Boys' High School,1143
5b418df63d88413b6ca9d965,"{""type"": ""MultiPoint"", ""coordinates"": [[172.641698002425, -43.5802892620722]]}",Cashmere,Longhurst Walkway,1152
5b418df63d88413b6ca9d976,"{""type"": ""MultiPoint"", ""coordinates"": [[172.686500324683, -43.4757224036062]]}",Burwood,Putake Reserve,1187
5b418df63d88413b6ca9d97e,"{""type"": ""MultiPoint"", ""coordinates"": [[172.670662314246, -43.4907889812947]]}",Westhaven,Birkdale Reserve,1195
5b418df63d88413b6ca9d984,"{""type"": ""MultiPoint"", ""coordinates"": [[172.480472042321, -43.5311092756451]]}",Templeton,Ruapuna Park,1203
5b418df63d88413b6ca9d988,"{""type"": ""MultiPoint"", ""coordinates"": [[172.60723247697, -43.4923503654234]]}",Papanui,Papanui High School,1208
5b418df63d88413b6ca9d989,"{""type"": ""MultiPoint"", ""coordinates"": [[172.687273780809, -43.512206708907094]]}",Wainoni,Emlyn Playground,121
5b418df63d88413b6ca9d991,"{""type"": ""MultiPoint"", ""coordinates"": [[172.717634668307, -43.4908815048407]]}",North New Brighton,Endeavour Playground,122
5b418df63d88413b6ca9d99b,"{""type"": ""MultiPoint"", ""coordinates"": [[172.563980282472, -43.5317361086258]]}",Upper Riccarton,Holmes Park,124
5b418df63d88413b6ca9d9ac,"{""type"": ""MultiPoint"", ""coordinates"": [[172.575695129584, -43.6969434858321]]}",Ahuriri,Ahuriri,1285
5b418df63d88413b6ca9d9dd,"{""type"": ""MultiPoint"", ""coordinates"": [[173.10779573043698, -43.7071320395897]]}",Okains Bay,Ducksfoot Bay,1336
5b418df63d88413b6ca9d9ed,"{""type"": ""MultiPoint"", ""coordinates"": [[172.96161033129997, -43.8059297955128]]}",Akaroa,French Bay,1351
5b418df63d88413b6ca9d9ef,"{""type"": ""MultiPoint"", ""coordinates"": [[172.98368307659, -43.89033198605429]]}",Akaroa,Gateway Point,1353
5b418df63d88413b6ca9d9f9,"{""type"": ""MultiPoint"", ""coordinates"": [[172.992061959543, -43.7346440219494]]}",Okains Bay,Gleurachney,1362
5b418df73d88413b6ca9da0b,"{""type"": ""MultiPoint"", ""coordinates"": [[172.263045468085, -43.82735803011839]]}",,Homebrook,1381
5b418df73d88413b6ca9da0f,"{""type"": ""MultiPoint"", ""coordinates"": [[173.02486564161296, -43.8741702375081]]}",Akaroa,Island Nook,1388
5b418df73d88413b6ca9da11,"{""type"": ""MultiPoint"", ""coordinates"": [[172.81205490363, -43.64998928146199]]}",Port Levy,Kaihope,1390
5b418df63d88413b6ca9d960,"{""type"": ""MultiPoint"", ""coordinates"": [[172.613236396262, -43.54675504077469]]}",Addington,Sacred Heart School,1146
5b418df63d88413b6ca9d959,"{""type"": ""MultiPoint"", ""coordinates"": [[172.644485380126, -43.60767703875559]]}",Governors Bay,Coronation Hill Reserve,1132
5b418df63d88413b6ca9d975,"{""type"": ""MultiPoint"", ""coordinates"": [[172.62543232533397, -43.4830380894147]]}",Redwood,Providence Reserve,1183
5b418df63d88413b6ca9d979,"{""type"": ""MultiPoint"", ""coordinates"": [[172.672304282145, -43.520225102608]]}",Dallington,St Pauls Primary School,1190
5b418df63d88413b6ca9d981,"{""type"": ""MultiPoint"", ""coordinates"": [[172.564878462203, -43.49973859372779]]}",Burnside,Ashcroft Reserve,12
5b418df63d88413b6ca9d983,"{""type"": ""MultiPoint"", ""coordinates"": [[172.63615646711497, -43.5089091304776]]}",St Albans,English Park,1202
5b418df63d88413b6ca9d99f,"{""type"": ""MultiPoint"", ""coordinates"": [[172.62330060157, -43.54346671120749]]}",Addington,Addington Cemetery,1266
5b418df63d88413b6ca9d9ab,"{""type"": ""MultiPoint"", ""coordinates"": [[172.82644740142, -43.6049169125188]]}",Port Levy,Adderley Head,1284
5b418df63d88413b6ca9d9bb,"{""type"": ""MultiPoint"", ""coordinates"": [[172.314350987141, -43.831286712768396]]}",,Bataford,1301
5b418df63d88413b6ca9d9c2,"{""type"": ""MultiPoint"", ""coordinates"": [[172.284832469853, -43.8539962022881]]}",,Blackwater,1308
5b418df63d88413b6ca9d9d0,"{""type"": ""MultiPoint"", ""coordinates"": [[172.871864593616, -43.8342895074655]]}",Wainui,Carews Peak Reserve,1320
5b418df63d88413b6ca9d9d1,"{""type"": ""MultiPoint"", ""coordinates"": [[172.759496761017, -43.7877668953176]]}",Little River,Catons Bay,1322
5b418df63d88413b6ca9d9db,"{""type"": ""MultiPoint"", ""coordinates"": [[172.767776209643, -43.6180943433374]]}",Diamond Harbour,Deep Gully Bay,1334
5b418df63d88413b6ca9d9e4,"{""type"": ""MultiPoint"", ""coordinates"": [[172.795632305465, -43.6725835532628]]}",Port Levy,Ellas,1342
5b418df63d88413b6ca9d9f6,"{""type"": ""MultiPoint"", ""coordinates"": [[172.659410599912, -43.5398925922631]]}",Phillipstown,Phillipstown Courts,136
5b418df63d88413b6ca9d9fa,"{""type"": ""MultiPoint"", ""coordinates"": [[173.101795700682, -43.8335876010956]]}",Akaroa,Goat Point,1363
5b418df63d88413b6ca9d9fe,"{""type"": ""MultiPoint"", ""coordinates"": [[172.950291055341, -43.81684163648279]]}",Akaroa,Green Point Park,1369
5b418df73d88413b6ca9da07,"{""type"": ""MultiPoint"", ""coordinates"": [[172.664039685463, -43.6494946616287]]}",Governors Bay,Head of the Bay,1377
5b418df73d88413b6ca9da0a,"{""type"": ""MultiPoint"", ""coordinates"": [[172.88941152429, -43.6722649268242]]}",Pigeon Bay,Holmes Bay,1380
5b418df63d88413b6ca9d990,"{""type"": ""MultiPoint"", ""coordinates"": [[172.566684833884, -43.5672529420531]]}",Oaklands,Marcella Reserve,1219
5b418df63d88413b6ca9d995,"{""type"": ""MultiPoint"", ""coordinates"": [[172.657225793551, -43.5743314189216]]}",Huntsbury,Huntsbury Reserve,1223
5b418df63d88413b6ca9d9bc,"{""type"": ""MultiPoint"", ""coordinates"": [[172.740990796459, -43.6038575332264]]}",Lyttelton,Battery Point,1302
5b418df63d88413b6ca9d9d5,"{""type"": ""MultiPoint"", ""coordinates"": [[173.013605458111, -43.72764743049309]]}",Okains Bay,Connemara,1328
5b418df63d88413b6ca9d9f0,"{""type"": ""MultiPoint"", ""coordinates"": [[172.778859013359, -43.5782848711623]]}",Scarborough,Giants Nose,1354
5b418df63d88413b6ca9d98f,"{""type"": ""MultiPoint"", ""coordinates"": [[172.567378045931, -43.5658411927783]]}",Oaklands,Kinsella Reserve,1218
5b418df63d88413b6ca9d998,"{""type"": ""MultiPoint"", ""coordinates"": [[172.518780178446, -43.532408924903]]}",Hei Hei,Kumara Reserve,1229
5b418df63d88413b6ca9d999,"{""type"": ""MultiPoint"", ""coordinates"": [[172.61773550845896, -43.456317647254096]]}",Belfast,Englefield Reserve,123
5b418df63d88413b6ca9d99e,"{""type"": ""MultiPoint"", ""coordinates"": [[172.575984790145, -43.5801296195911]]}",Halswell,Shield Reserve,1263
5b418df63d88413b6ca9d9a0,"{""type"": ""MultiPoint"", ""coordinates"": [[172.76221751509, -43.5748778772452]]}",Sumner,Star Of The Sea School,1267
5b418df63d88413b6ca9d9b0,"{""type"": ""MultiPoint"", ""coordinates"": [[172.288135361074, -43.826518128345896]]}",,Alton,1290
5b418df63d88413b6ca9d9c4,"{""type"": ""MultiPoint"", ""coordinates"": [[172.564362332085, -43.5770313009123]]}",Oaklands,Fern Reserve,131
5b418df73d88413b6ca9d9ff,"{""type"": ""MultiPoint"", ""coordinates"": [[172.672756709804, -43.5459568263359]]}",Woolston,Woolston School,137
5b418df73d88413b6ca9da08,"{""type"": ""MultiPoint"", ""coordinates"": [[173.114811155724, -43.779727981163894]]}",Le Bons Bay,Hickory Bay,1378
5b418df73d88413b6ca9da0d,"{""type"": ""MultiPoint"", ""coordinates"": [[172.857661632071, -43.6859594279399]]}",Pigeon Bay,Inverness,1385
5b418df73d88413b6ca9da12,"{""type"": ""MultiPoint"", ""coordinates"": [[172.650914202623, -43.6675935043819]]}",Governors Bay,Kain Hill,1391
5b418df63d88413b6ca9d99d,"{""type"": ""MultiPoint"", ""coordinates"": [[172.66504566713, -43.5437971299963]]}",Woolston,William Massey Courts,126
5b418df63d88413b6ca9d9a9,"{""type"": ""MultiPoint"", ""coordinates"": [[172.598524843297, -43.4997974594818]]}",Bryndwr,Allenvale School,1280
5b418df63d88413b6ca9d9b3,"{""type"": ""MultiPoint"", ""coordinates"": [[172.665555331531, -43.7801891592466]]}",Motukarara,Aorangi,1294
5b418df63d88413b6ca9d9c0,"{""type"": ""MultiPoint"", ""coordinates"": [[172.882442644414, -43.620356567391]]}",Pigeon Bay,Big Bay,1306
5b418df63d88413b6ca9d9c1,"{""type"": ""MultiPoint"", ""coordinates"": [[172.784412637731, -43.583245572725]]}",Scarborough,Black Rock Point,1307
5b418df63d88413b6ca9d9d2,"{""type"": ""MultiPoint"", ""coordinates"": [[172.96376921641, -43.800359739265]]}",Akaroa,Childrens Bay,1324
5b418df63d88413b6ca9d9e0,"{""type"": ""MultiPoint"", ""coordinates"": [[173.08789214413898, -43.6824094488531]]}",Okains Bay,East Head,1339
5b418df63d88413b6ca9d9e6,"{""type"": ""MultiPoint"", ""coordinates"": [[172.748111042845, -43.6451748826526]]}",Diamond Harbour,Fernglen,1344
5b418df63d88413b6ca9d9ee,"{""type"": ""MultiPoint"", ""coordinates"": [[172.913841457011, -43.777728441528]]}",Wainui,French Farm Bay,1352
5b418df63d88413b6ca9d9f7,"{""type"": ""MultiPoint"", ""coordinates"": [[172.71947057185, -43.7217163601092]]}",Motukarara,Glenrowan,1360
5b418df63d88413b6ca9d9fc,"{""type"": ""MultiPoint"", ""coordinates"": [[173.10478371872696, -43.8092591006769]]}",Akaroa,Goughs Bay,1366
5b418df73d88413b6ca9da09,"{""type"": ""MultiPoint"", ""coordinates"": [[172.745038846101, -43.8394545274865]]}",Little River,Hikuraki Bay,1379
5b418df63d88413b6ca9d95b,"{""type"": ""MultiPoint"", ""coordinates"": [[172.68567394142997, -43.5503633342088]]}",Woolston,St Annes School,1136
5b418df63d88413b6ca9d97a,"{""type"": ""MultiPoint"", ""coordinates"": [[172.622638874378, -43.5424613742354]]}",Addington,Disraeli Reserve,1191
5b418df63d88413b6ca9d98d,"{""type"": ""MultiPoint"", ""coordinates"": [[172.459142420005, -43.5387654122209]]}",Templeton,Old Templeton Hospital,1213
5b418df63d88413b6ca9d9a3,"{""type"": ""MultiPoint"", ""coordinates"": [[172.564362973188, -43.58719192468529]]}",Halswell,Talbot Reserve,1272
5b418df63d88413b6ca9d9af,"{""type"": ""MultiPoint"", ""coordinates"": [[172.746919423961, -43.5938989314978]]}",Scarborough,Rapanui Bush,129
5b418df63d88413b6ca9d9e5,"{""type"": ""MultiPoint"", ""coordinates"": [[172.701326646714, -43.6100623645339]]}",Lyttelton,Erskine Point,1343
5b418df63d88413b6ca9d9ea,"{""type"": ""MultiPoint"", ""coordinates"": [[172.291968670004, -43.8296863360447]]}",,Flowerdale,1349
5b418df63d88413b6ca9d9fd,"{""type"": ""MultiPoint"", ""coordinates"": [[172.628932916179, -43.7569033915081]]}",Motukarara,Graylees,1368
5b418df73d88413b6ca9da03,"{""type"": ""MultiPoint"", ""coordinates"": [[172.898744784832, -43.7018353460717]]}",Pigeon Bay,Hay Reserve,1373
5b418df63d88413b6ca9d968,"{""type"": ""MultiPoint"", ""coordinates"": [[172.602804250645, -43.4946857490764]]}",Papanui,WesleyCare Hospital/Rest Home/Village Fairhaven ,1157
5b418df63d88413b6ca9d96d,"{""type"": ""MultiPoint"", ""coordinates"": [[172.601757232708, -43.5308860627396]]}",Riccarton,Riccarton Library,1164
5b418df63d88413b6ca9d96f,"{""type"": ""MultiPoint"", ""coordinates"": [[172.607173933236, -43.4942005060077]]}",Papanui,Papanui Library,1167
5b418df63d88413b6ca9d970,"{""type"": ""MultiPoint"", ""coordinates"": [[172.607233468362, -43.49421936110699]]}",Papanui,Papanui Service Centre,1168
5b418df63d88413b6ca9d977,"{""type"": ""MultiPoint"", ""coordinates"": [[172.617797052112, -43.5106890510444]]}",Merivale,St Georges Hospital,1188
5b418df63d88413b6ca9d978,"{""type"": ""MultiPoint"", ""coordinates"": [[172.59748778052, -43.5052506019465]]}",Bryndwr,Elmswood Court Rest Home,1189
5b418df63d88413b6ca9d985,"{""type"": ""MultiPoint"", ""coordinates"": [[172.723581898042, -43.5872231584427]]}",Lyttelton,Mt Pleasant Reserve,1205
5b418df63d88413b6ca9d9a7,"{""type"": ""MultiPoint"", ""coordinates"": [[172.690926853159, -43.5110246466062]]}",Wainoni,Avondale School,1279
5b418df63d88413b6ca9d9b6,"{""type"": ""MultiPoint"", ""coordinates"": [[172.657991266113, -43.7733677666407]]}",Motukarara,Ataahua,1297
5b418df63d88413b6ca9d9c9,"{""type"": ""MultiPoint"", ""coordinates"": [[172.275448244423, -43.8564843457759]]}",,Brooklands,1314
5b418df63d88413b6ca9d9cf,"{""type"": ""MultiPoint"", ""coordinates"": [[172.649726146423, -43.5016575949841]]}",St Albans,Fernbrook Playground,132
5b418df63d88413b6ca9d9e2,"{""type"": ""MultiPoint"", ""coordinates"": [[173.130855324124, -43.764263008692]]}",Le Bons Bay,East Head,1340
5b418df63d88413b6ca9d9f1,"{""type"": ""MultiPoint"", ""coordinates"": [[172.950571655865, -43.8130977346785]]}",Akaroa,Glen Bay,1355
5b418df73d88413b6ca9da06,"{""type"": ""MultiPoint"", ""coordinates"": [[172.929274159747, -43.7529110614475]]}",Duvauchelle,Head of Bay,1376
5b418df73d88413b6ca9da0e,"{""type"": ""MultiPoint"", ""coordinates"": [[172.877561434229, -43.8792051903575]]}",Wainui,Island Bay,1387
5b418df63d88413b6ca9d95c,"{""type"": ""MultiPoint"", ""coordinates"": [[172.611218905239, -43.5247122023671]]}",Fendalton,Christchurch Girls' High School,1138
5b418df63d88413b6ca9d95d,"{""type"": ""MultiPoint"", ""coordinates"": [[172.629359325923, -43.4696402819796]]}",Redwood,Alwyn Park,114
5b418df63d88413b6ca9d961,"{""type"": ""MultiPoint"", ""coordinates"": [[172.604466133498, -43.5117554001287]]}",Bryndwr,St Patricks School,1148
5b418df63d88413b6ca9d973,"{""type"": ""MultiPoint"", ""coordinates"": [[172.626160249673, -43.5341282219778]]}",Central City,Christchurch Public Hospital,1179
5b418df63d88413b6ca9d97b,"{""type"": ""MultiPoint"", ""coordinates"": [[172.588447313437, -43.5212333618835]]}",Ilam,Medbury School,1192
5b418df63d88413b6ca9d97d,"{""type"": ""MultiPoint"", ""coordinates"": [[172.609572746922, -43.4646458405975]]}",Styx,Styx Mill Conservation Reserve,1194
5b418df63d88413b6ca9d992,"{""type"": ""MultiPoint"", ""coordinates"": [[172.57880126401096, -43.5807641114694]]}",Halswell,Six Silvers Reserve,1220
5b418df63d88413b6ca9d996,"{""type"": ""MultiPoint"", ""coordinates"": [[172.572830772329, -43.5689550062724]]}",Oaklands,Aidanfield Reserve,1224
5b418df63d88413b6ca9d9ae,"{""type"": ""MultiPoint"", ""coordinates"": [[172.979327791258, -43.89033153737989]]}",Akaroa,Akaroa Head,1289
5b418df63d88413b6ca9d9c7,"{""type"": ""MultiPoint"", ""coordinates"": [[172.785371352942, -43.59689552292289]]}",Scarborough,Breeze Bay,1312
5b418df63d88413b6ca9d9df,"{""type"": ""MultiPoint"", ""coordinates"": [[173.016032862756, -43.88043117194879]]}",Akaroa,Dyke Head,1338
5b418df73d88413b6ca9da05,"{""type"": ""MultiPoint"", ""coordinates"": [[172.710447364778, -43.6369715133052]]}",Diamond Harbour,Hays Bay,1375
5b418df73d88413b6ca9da13,"{""type"": ""MultiPoint"", ""coordinates"": [[172.710335097568, -43.6311047921703]]}",Diamond Harbour,Kaioruru,1392
5b418df73d88413b6ca9da1c,"{""type"": ""MultiPoint"", ""coordinates"": [[172.669267834109, -43.5158555164222]]}",Avonside,Sullivan Park,140
5b418df73d88413b6ca9da18,"{""type"": ""MultiPoint"", ""coordinates"": [[173.119605663196, -43.72782797427559]]}",Le Bons Bay,Katawa Head,1397
5b418df73d88413b6ca9da19,"{""type"": ""MultiPoint"", ""coordinates"": [[173.047088335162, -43.8002713632445]]}",Akaroa,Kendale,1398
5b418df73d88413b6ca9da1a,"{""type"": ""MultiPoint"", ""coordinates"": [[172.618989930365, -43.6291273614766]]}",Lansdowne,Kennedys Bush,1399
5b418df73d88413b6ca9da20,"{""type"": ""MultiPoint"", ""coordinates"": [[172.728471458617, -43.7197117069451]]}",Motukarara,Kowhai Hills,1403
5b418df73d88413b6ca9da27,"{""type"": ""MultiPoint"", ""coordinates"": [[172.905885602918, -43.6219716880982]]}",Pigeon Bay,Little Pigeon Bay,1410
5b418df73d88413b6ca9da22,"{""type"": ""MultiPoint"", ""coordinates"": [[172.689527564392, -43.795762996376]]}",Motukarara,Lakeview,1405
5b418df73d88413b6ca9da37,"{""type"": ""MultiPoint"", ""coordinates"": [[172.806836786348, -43.6602211386607]]}",Port Levy,Maitland,1427
5b418df73d88413b6ca9da23,"{""type"": ""MultiPoint"", ""coordinates"": [[172.570281645119, -43.70240571734859]]}",Ahuriri,Langleydale,1406
5b418df73d88413b6ca9da47,"{""type"": ""MultiPoint"", ""coordinates"": [[172.77823347533, -43.5800837572923]]}",Scarborough,Moki Point,1442
5b418df73d88413b6ca9da24,"{""type"": ""MultiPoint"", ""coordinates"": [[173.105603335192, -43.717401699956]]}",Le Bons Bay,Lavericks Bay,1407
5b418df73d88413b6ca9da49,"{""type"": ""MultiPoint"", ""coordinates"": [[172.870303161973, -43.745641545446894]]}",Little River,Montgomery Park,1444
5b418df73d88413b6ca9da3f,"{""type"": ""MultiPoint"", ""coordinates"": [[172.891098518005, -43.7308287619181]]}",Pigeon Bay,Melness,1435
5b418df73d88413b6ca9da40,"{""type"": ""MultiPoint"", ""coordinates"": [[172.588604161449, -43.7444242517151]]}",Ahuriri,Melody Farm,1436
5b418df73d88413b6ca9da4f,"{""type"": ""MultiPoint"", ""coordinates"": [[172.740412767907, -43.693911247566696]]}",Motukarara,Mount Herbert Reserve,1450
5b418df73d88413b6ca9da50,"{""type"": ""MultiPoint"", ""coordinates"": [[172.851294010615, -43.7191892421231]]}",Little River,Mount Sinclair Reserve,1451
5b418df73d88413b6ca9da14,"{""type"": ""MultiPoint"", ""coordinates"": [[172.814753179325, -43.648366367404]]}",Port Levy,Kaitara,1393
5b418df73d88413b6ca9da15,"{""type"": ""MultiPoint"", ""coordinates"": [[172.497348462827, -43.8381309647114]]}",Birdlings Flat,Kaitorete,1394
5b418df73d88413b6ca9da36,"{""type"": ""MultiPoint"", ""coordinates"": [[172.792092218944, -43.8511730628685]]}",Little River,Maharua,1426
5b418df73d88413b6ca9da17,"{""type"": ""MultiPoint"", ""coordinates"": [[172.770617144077, -43.71659703737179]]}",Motukarara,Kaituna Spur Reserve,1396
5b418df73d88413b6ca9da2b,"{""type"": ""MultiPoint"", ""coordinates"": [[172.301283094546, -43.8504024125029]]}",,Lochvale,1415
5b418df73d88413b6ca9da43,"{""type"": ""MultiPoint"", ""coordinates"": [[172.966539622847, -43.6977530522436]]}",Okains Bay,Misty Hills,1439
5b418df73d88413b6ca9da53,"{""type"": ""MultiPoint"", ""coordinates"": [[173.066797820816, -43.67875666739229]]}",Okains Bay,North West Bay,1454
5b418df73d88413b6ca9da1e,"{""type"": ""MultiPoint"", ""coordinates"": [[172.30029163788097, -43.81959765948729]]}",,Kinross,1401
5b418df73d88413b6ca9da2a,"{""type"": ""MultiPoint"", ""coordinates"": [[172.355674289938, -43.8251255335217]]}",,Lochlyn,1414
5b418df73d88413b6ca9da2d,"{""type"": ""MultiPoint"", ""coordinates"": [[172.87068376715598, -43.8596721175777]]}",Wainui,Long Bay Reserve,1417
5b418df73d88413b6ca9da2e,"{""type"": ""MultiPoint"", ""coordinates"": [[173.046945215546, -43.652735023556]]}",Okains Bay,Long Lookout Point,1418
5b418df73d88413b6ca9da31,"{""type"": ""MultiPoint"", ""coordinates"": [[172.888976534906, -43.7264556016657]]}",Pigeon Bay,Longfield,1420
5b418df73d88413b6ca9da32,"{""type"": ""MultiPoint"", ""coordinates"": [[172.920434105123, -43.8697865242083]]}",Wainui,Lucas Bay,1421
5b418df73d88413b6ca9da33,"{""type"": ""MultiPoint"", ""coordinates"": [[172.941843363277, -43.7894388863776]]}",Akaroa,Lushington Bay,1422
5b418df73d88413b6ca9da3a,"{""type"": ""MultiPoint"", ""coordinates"": [[172.820357698674, -43.6679954172351]]}",Port Levy,Marama,1430
5b418df73d88413b6ca9da48,"{""type"": ""MultiPoint"", ""coordinates"": [[172.74278403552196, -43.5647707484704]]}",Redcliffs,Moncks Bay,1443
5b418df73d88413b6ca9da26,"{""type"": ""MultiPoint"", ""coordinates"": [[172.669628869734, -43.5550727551853]]}",Opawa,Monro Playground,141
5b418df73d88413b6ca9da3d,"{""type"": ""MultiPoint"", ""coordinates"": [[172.72287266753298, -43.5556665427055]]}",McCormacks Bay,McCormacks Bay,1433
5b418df73d88413b6ca9da3e,"{""type"": ""MultiPoint"", ""coordinates"": [[172.798972396035, -43.5935987781478]]}",Scarborough,Mechanics Bay,1434
5b418df73d88413b6ca9da1d,"{""type"": ""MultiPoint"", ""coordinates"": [[172.79142513663996, -43.7907490194208]]}",Little River,Kinloch,1400
5b418df73d88413b6ca9da16,"{""type"": ""MultiPoint"", ""coordinates"": [[172.694446874297, -43.7286070405834]]}",Motukarara,Kaituna,1395
5b418df73d88413b6ca9da25,"{""type"": ""MultiPoint"", ""coordinates"": [[173.00581660574798, -43.6642694653921]]}",Okains Bay,Little Akaloa Bay,1409
5b418df73d88413b6ca9da1b,"{""type"": ""MultiPoint"", ""coordinates"": [[172.619946710285, -43.5670703468443]]}",Spreydon,Cashmere View Playground,14
5b418df73d88413b6ca9da28,"{""type"": ""MultiPoint"", ""coordinates"": [[172.631762628267, -43.650174313646]]}",Governors Bay,Living Springs,1412
5b418df73d88413b6ca9da30,"{""type"": ""MultiPoint"", ""coordinates"": [[172.668420329409, -43.555007509855194]]}",Opawa,Garlands Reserve,142
5b418df73d88413b6ca9da41,"{""type"": ""MultiPoint"", ""coordinates"": [[172.96639231814697, -43.6393329754765]]}",Okains Bay,Menzies Bay,1437
5b418df73d88413b6ca9da34,"{""type"": ""MultiPoint"", ""coordinates"": [[172.74571081946897, -43.844152908853296]]}",Little River,Magnet Bay,1424
5b418df73d88413b6ca9da46,"{""type"": ""MultiPoint"", ""coordinates"": [[172.683845653478, -43.637017275378]]}",Diamond Harbour,Moepuku Point,1441
5b418df73d88413b6ca9da4d,"{""type"": ""MultiPoint"", ""coordinates"": [[172.904072931796, -43.8327406893207]]}",Wainui,Mount Bossu,1448
5b418df73d88413b6ca9da51,"{""type"": ""MultiPoint"", ""coordinates"": [[172.752970925438, -43.8576686606649]]}",Little River,Murrays Mistake,1452
5b418df73d88413b6ca9da52,"{""type"": ""MultiPoint"", ""coordinates"": [[173.112295644988, -43.798930509452]]}",Akaroa,North Head,1453
5b418df73d88413b6ca9da38,"{""type"": ""MultiPoint"", ""coordinates"": [[172.752127472341, -43.7883617968099]]}",Little River,Manderley,1428
5b418df73d88413b6ca9da21,"{""type"": ""MultiPoint"", ""coordinates"": [[172.612510145402, -43.7453288573316]]}",Motukarara,Lakelands,1404
5b418df73d88413b6ca9da3c,"{""type"": ""MultiPoint"", ""coordinates"": [[172.679911108718, -43.7625775888191]]}",Motukarara,Mata Reka,1432
5b418df73d88413b6ca9da42,"{""type"": ""MultiPoint"", ""coordinates"": [[173.053369947831, -43.6871444776779]]}",Okains Bay,Mill House,1438
5b418df73d88413b6ca9da4a,"{""type"": ""MultiPoint"", ""coordinates"": [[172.836446833666, -43.7205915755404]]}",Little River,Morice Settlement Reserve,1445
5b418df73d88413b6ca9da4c,"{""type"": ""MultiPoint"", ""coordinates"": [[172.691140941099, -43.6093192076109]]}",Lyttelton,Motukauatirahi,1447
5b418df73d88413b6ca9da4e,"{""type"": ""MultiPoint"", ""coordinates"": [[172.83968484489296, -43.7103595161937]]}",Little River,Mount Fitzgerald Reserve,1449
5b418df73d88413b6ca9da39,"{""type"": ""MultiPoint"", ""coordinates"": [[172.95539777263497, -43.6359049262202]]}",Pigeon Bay,Manuka Bay,1429
5b418df73d88413b6ca9da1f,"{""type"": ""MultiPoint"", ""coordinates"": [[172.830913965473, -43.6340518375268]]}",Port Levy,Koukourarata,1402
5b418df73d88413b6ca9da29,"{""type"": ""MultiPoint"", ""coordinates"": [[172.765360346198, -43.5984120010905]]}",Scarborough,Livingstone Bay,1413
5b418df73d88413b6ca9da2c,"{""type"": ""MultiPoint"", ""coordinates"": [[172.854882423037, -43.888570142757]]}",Wainui,Long Bay,1416
5b418df73d88413b6ca9da3b,"{""type"": ""MultiPoint"", ""coordinates"": [[172.912699634892, -43.85744146476289]]}",Wainui,Mat Wight Bay,1431
5b418df73d88413b6ca9da4b,"{""type"": ""MultiPoint"", ""coordinates"": [[172.69628294558, -43.6107620827768]]}",Lyttelton,Motukauatiiti,1446
5b418df73d88413b6ca9da35,"{""type"": ""MultiPoint"", ""coordinates"": [[172.768037148541, -43.8269482345194]]}",Little River,Magnet Bay Reserve,1425
5b418df73d88413b6ca9da44,"{""type"": ""MultiPoint"", ""coordinates"": [[172.540916921189, -43.5444452496908]]}",Hornby,Rollerdrome Reserve,144
5b418df73d88413b6ca9da2f,"{""type"": ""MultiPoint"", ""coordinates"": [[173.05768399145097, -43.8538682543669]]}",Akaroa,Long Reef Point,1419
5b418df73d88413b6ca9da45,"{""type"": ""MultiPoint"", ""coordinates"": [[172.770952667183, -43.841950950141]]}",Little River,Moana,1440
5b418df73d88413b6ca9da78,"{""type"": ""MultiPoint"", ""coordinates"": [[173.04293142296396, -43.6606870888397]]}",Okains Bay,Raupo Bay,1492
5b418df73d88413b6ca9da63,"{""type"": ""MultiPoint"", ""coordinates"": [[172.592447180774, -43.4746959818288]]}",Harewood,Tulett Park,147
5b418df73d88413b6ca9da90,"{""type"": ""MultiPoint"", ""coordinates"": [[172.81742546509196, -43.7586196040946]]}",Little River,Springvale,1518
5b418df73d88413b6ca9da72,"{""type"": ""MultiPoint"", ""coordinates"": [[172.835033925012, -43.6359801772581]]}",Port Levy,Pukeiti Point,1487
5b418df73d88413b6ca9da9a,"{""type"": ""MultiPoint"", ""coordinates"": [[172.867711973469, -43.6756175588319]]}",Pigeon Bay,Stratmore,1527
5b418df73d88413b6ca9da7b,"{""type"": ""MultiPoint"", ""coordinates"": [[173.038288533045, -43.87060939660599]]}",Akaroa,Redcliffe Nook,1495
5b418df73d88413b6ca9da7d,"{""type"": ""MultiPoint"", ""coordinates"": [[173.05327022083, -43.8561842761701]]}",Akaroa,Reef Nook,1497
5b418df73d88413b6ca9da9b,"{""type"": ""MultiPoint"", ""coordinates"": [[172.77516979320797, -43.5715274366463]]}",Scarborough,Sumner Head,1528
5b418df73d88413b6ca9da7f,"{""type"": ""MultiPoint"", ""coordinates"": [[172.554309838285, -43.6557058098728]]}",Tai Tapu,Rhodes Park,1499
5b418df73d88413b6ca9daa0,"{""type"": ""MultiPoint"", ""coordinates"": [[172.30507116800396, -43.8299517342553]]}",,Te Aro,1533
5b418df73d88413b6ca9daad,"{""type"": ""MultiPoint"", ""coordinates"": [[172.920846612226, -43.7989613686922]]}",Wainui,Tikao Bay,1547
5b418df73d88413b6ca9daaa,"{""type"": ""MultiPoint"", ""coordinates"": [[172.984447568323, -43.8873740307056]]}",Akaroa,The Amphitheatre,1543
5b418df73d88413b6ca9dac1,"{""type"": ""MultiPoint"", ""coordinates"": [[172.607081435189, -43.7053198175012]]}",Motukarara,Wantage,1565
5b418df73d88413b6ca9dab2,"{""type"": ""MultiPoint"", ""coordinates"": [[172.760746981264, -43.6266744768636]]}",Diamond Harbour,Tokanui,1551
5b418df73d88413b6ca9dae7,"{""type"": ""MultiPoint"", ""coordinates"": [[172.730130775537, -43.6273422310084]]}",Diamond Harbour,Ron Arnold Reserve,1681
5b418df73d88413b6ca9dad9,"{""type"": ""MultiPoint"", ""coordinates"": [[172.634282413886, -43.580350607358]]}",Cashmere,Cracroft Reserve,165
5b418df73d88413b6ca9daeb,"{""type"": ""MultiPoint"", ""coordinates"": [[172.706489259299, -43.4876099607726]]}",Travis,Ascot Community Centre,1685
5b418df73d88413b6ca9dadb,"{""type"": ""MultiPoint"", ""coordinates"": [[172.718317372772, -43.603208040252]]}",Lyttelton,Sutton Reserve,1663
5b418df73d88413b6ca9daf5,"{""type"": ""MultiPoint"", ""coordinates"": [[172.653780005567, -43.5084600583616]]}",Richmond,Shirley Community Centre,1700
5b418df73d88413b6ca9dafa,"{""type"": ""MultiPoint"", ""coordinates"": [[172.57462649525198, -43.5345087491594]]}",Upper Riccarton,Rannerdale War Veterans Home,171
5b418df73d88413b6ca9daff,"{""type"": ""MultiPoint"", ""coordinates"": [[172.471245072262, -43.5494126804151]]}",Templeton,Templeton Community Centre,1714
5b418df73d88413b6ca9db06,"{""type"": ""MultiPoint"", ""coordinates"": [[172.547839104058, -43.5088716591289]]}",Avonhead,Avonhead Cemetery,179
5b418df73d88413b6ca9db03,"{""type"": ""MultiPoint"", ""coordinates"": [[172.668028674203, -43.5385888225275]]}",Linwood,Linwood High School,176
5b418df73d88413b6ca9db11,"{""type"": ""MultiPoint"", ""coordinates"": [[172.795066663792, -43.7639794288945]]}",Little River,Little River Community Centre,1849
5b418df73d88413b6ca9db07,"{""type"": ""MultiPoint"", ""coordinates"": [[172.653552488601, -43.5193680077268]]}",Richmond,HP Smith Courts,18
5b418df73d88413b6ca9da54,"{""type"": ""MultiPoint"", ""coordinates"": [[172.744074645817, -43.8201093449942]]}",Little River,Oashore,1455
5b418df73d88413b6ca9da6a,"{""type"": ""MultiPoint"", ""coordinates"": [[172.824859702827, -43.8463542681247]]}",Little River,Peraki Bay Reserve,1477
5b418df73d88413b6ca9da71,"{""type"": ""MultiPoint"", ""coordinates"": [[172.613616621629, -43.7189546543702]]}",Motukarara,Porahu,1484
5b418df73d88413b6ca9da5f,"{""type"": ""MultiPoint"", ""coordinates"": [[172.578421813116, -43.6600839265692]]}",Tai Tapu,Otahuna,1466
5b418df73d88413b6ca9da6c,"{""type"": ""MultiPoint"", ""coordinates"": [[172.918832695395, -43.7870401428318]]}",Wainui,Petit Carenage Bay,1479
5b418df73d88413b6ca9da74,"{""type"": ""MultiPoint"", ""coordinates"": [[173.127778320968, -43.7768656069672]]}",Le Bons Bay,Putakolo Head,1489
5b418df73d88413b6ca9da70,"{""type"": ""MultiPoint"", ""coordinates"": [[173.01230978194198, -43.8744897055954]]}",Akaroa,Pohatu,1483
5b418df73d88413b6ca9da80,"{""type"": ""MultiPoint"", ""coordinates"": [[172.701013863701, -43.4768702549285]]}",Parklands,Ashwood Reserve,15
5b418df73d88413b6ca9dad6,"{""type"": ""MultiPoint"", ""coordinates"": [[172.596475915856, -43.4868433310537]]}",Bishopdale,Bishopdale School,160
5b418df73d88413b6ca9da92,"{""type"": ""MultiPoint"", ""coordinates"": [[172.644750409322, -43.530134060698]]}",Central City,Gloucester Courts,152
5b418df73d88413b6ca9daa7,"{""type"": ""MultiPoint"", ""coordinates"": [[172.968751768205, -43.8876300157643]]}",Akaroa,Te Ruahine Point,1540
5b418df73d88413b6ca9daab,"{""type"": ""MultiPoint"", ""coordinates"": [[172.62377702715096, -43.705297633085]]}",Motukarara,The Homestead,1544
5b418df73d88413b6ca9dad7,"{""type"": ""MultiPoint"", ""coordinates"": [[172.54428828495998, -43.5133492686473]]}",Hyde Park,Karnak Reserve,161
5b418df73d88413b6ca9dab5,"{""type"": ""MultiPoint"", ""coordinates"": [[173.019175542962, -43.7553039566632]]}",Le Bons Bay,Totara Vale,1554
5b418df73d88413b6ca9dade,"{""type"": ""MultiPoint"", ""coordinates"": [[172.749076573594, -43.639172266329]]}",Diamond Harbour,Purau Maori Reserve,1666
5b418df73d88413b6ca9dab8,"{""type"": ""MultiPoint"", ""coordinates"": [[172.645265128167, -43.5918418059087]]}",Cashmere,Victoria Park,1557
5b418df73d88413b6ca9dae4,"{""type"": ""MultiPoint"", ""coordinates"": [[172.970277088468, -43.8036905136533]]}",Akaroa,French Cemetery,1672
5b418df73d88413b6ca9dae1,"{""type"": ""MultiPoint"", ""coordinates"": [[172.59334994962896, -43.5541494262355]]}",Addington,Spreydon School,167
5b418df73d88413b6ca9daea,"{""type"": ""MultiPoint"", ""coordinates"": [[172.702706947625, -43.5175849882531]]}",Aranui,Aranui Community Centre,1684
5b418df73d88413b6ca9dae3,"{""type"": ""MultiPoint"", ""coordinates"": [[172.966874624458, -43.8052788993272]]}",Akaroa,Akaroa Service Centre,1671
5b418df73d88413b6ca9daec,"{""type"": ""MultiPoint"", ""coordinates"": [[172.660281496388, -43.5199950253302]]}",Richmond,Avebury House,1686
5b418df73d88413b6ca9daf2,"{""type"": ""MultiPoint"", ""coordinates"": [[172.660469143205, -43.5539677388428]]}",Opawa,Risingholme Community Centre,1699
5b418df73d88413b6ca9daf9,"{""type"": ""MultiPoint"", ""coordinates"": [[172.64497883840298, -43.562974209387]]}",Beckenham,Opawa St Martins Plunket Toy Library,1704
5b418df73d88413b6ca9da65,"{""type"": ""MultiPoint"", ""coordinates"": [[172.91037135204, -43.8138078653796]]}",Wainui,Otutereinga,1472
5b418df73d88413b6ca9da6d,"{""type"": ""MultiPoint"", ""coordinates"": [[172.731311745032, -43.5601561640576]]}",Redcliffs,Balmoral Hill Reserve,148
5b418df73d88413b6ca9da7e,"{""type"": ""MultiPoint"", ""coordinates"": [[172.856110797817, -43.8655718804051]]}",Little River,Reids Hill,1498
5b418df73d88413b6ca9da81,"{""type"": ""MultiPoint"", ""coordinates"": [[172.552456223524, -43.5328413398432]]}",Upper Riccarton,Gloaming Reserve,150
5b418df73d88413b6ca9da82,"{""type"": ""MultiPoint"", ""coordinates"": [[172.833440746878, -43.7355640818324]]}",Little River,Riverwood,1500
5b418df73d88413b6ca9dabe,"{""type"": ""MultiPoint"", ""coordinates"": [[172.903369389158, -43.8039651468486]]}",Wainui,Wainui Reserve,1562
5b418df73d88413b6ca9dac2,"{""type"": ""MultiPoint"", ""coordinates"": [[172.689374450331, -43.7882035488268]]}",Motukarara,Waygill,1566
5b418df73d88413b6ca9dadf,"{""type"": ""MultiPoint"", ""coordinates"": [[172.955175175711, -43.81533575645409]]}",Akaroa,Clare Reserve,1667
5b418df73d88413b6ca9dafb,"{""type"": ""MultiPoint"", ""coordinates"": [[172.673228469573, -43.5461355668114]]}",Woolston,Woolston Community Centre,1710
5b418df73d88413b6ca9db04,"{""type"": ""MultiPoint"", ""coordinates"": [[172.493504985469, -43.5225068796416]]}",Templeton,Hasketts Reserve,177
5b418df73d88413b6ca9db0a,"{""type"": ""MultiPoint"", ""coordinates"": [[172.696468010806, -43.4332313082127]]}",Spencerville,Spencerville Reserve,183
5b418df73d88413b6ca9db0c,"{""type"": ""MultiPoint"", ""coordinates"": [[172.967790947138, -43.8046616035204]]}",Akaroa,Akaroa Toy Library,1838
5b418df73d88413b6ca9da55,"{""type"": ""MultiPoint"", ""coordinates"": [[172.721359538854, -43.8323991945751]]}",Little River,Oashore Bay,1456
5b418df73d88413b6ca9da59,"{""type"": ""MultiPoint"", ""coordinates"": [[172.806746548232, -43.7893566915512]]}",Little River,Okuti,1460
5b418df73d88413b6ca9da69,"{""type"": ""MultiPoint"", ""coordinates"": [[172.815137647821, -43.8729232554656]]}",Little River,Peraki Bay,1476
5b418df73d88413b6ca9da91,"{""type"": ""MultiPoint"", ""coordinates"": [[173.066815805626, -43.6869238785692]]}",Okains Bay,Spyglass Point,1519
5b418df73d88413b6ca9da93,"{""type"": ""MultiPoint"", ""coordinates"": [[172.98523619555698, -43.63869493174509]]}",Okains Bay,Squally Bay,1520
5b418df73d88413b6ca9da9d,"{""type"": ""MultiPoint"", ""coordinates"": [[172.608293317962, -43.5590751035125]]}",Spreydon,Glynne Reserve,153
5b418df73d88413b6ca9daaf,"{""type"": ""MultiPoint"", ""coordinates"": [[172.8874887363, -43.6481583459186]]}",Pigeon Bay,Tipperary,1549
5b418df73d88413b6ca9dab7,"{""type"": ""MultiPoint"", ""coordinates"": [[172.667064906965, -43.7625138074167]]}",Motukarara,Valley Lea,1556
5b418df73d88413b6ca9dab9,"{""type"": ""MultiPoint"", ""coordinates"": [[172.65028342621096, -43.7102926612685]]}",Motukarara,Waihora,1558
5b418df73d88413b6ca9dabd,"{""type"": ""MultiPoint"", ""coordinates"": [[172.706351866911, -43.792947949053996]]}",Motukarara,Waikoko,1561
5b418df73d88413b6ca9dabf,"{""type"": ""MultiPoint"", ""coordinates"": [[172.81592594190397, -43.6118984339762]]}",Port Levy,Waitata,1563
5b418df73d88413b6ca9dae5,"{""type"": ""MultiPoint"", ""coordinates"": [[172.95856204416998, -43.8134304974758]]}",Akaroa,Garden of Tane,1674
5b418df73d88413b6ca9daf8,"{""type"": ""MultiPoint"", ""coordinates"": [[172.63632293414497, -43.5146870344989]]}",St Albans,St Albans Community Centre,1703
5b418df73d88413b6ca9db0f,"{""type"": ""MultiPoint"", ""coordinates"": [[172.740487919285, -43.6263885264976]]}",Diamond Harbour,Diamond Harbour Library,1842
5b418df73d88413b6ca9da61,"{""type"": ""MultiPoint"", ""coordinates"": [[173.01638615674398, -43.7491820938265]]}",Le Bons Bay,Otepatotu Reserve,1468
5b418df73d88413b6ca9da6e,"{""type"": ""MultiPoint"", ""coordinates"": [[172.910640734952, -43.624362232374]]}",Pigeon Bay,Pigeon Point,1481
5b418df73d88413b6ca9da88,"{""type"": ""MultiPoint"", ""coordinates"": [[172.916747720196, -43.90047970525]]}",Wainui,Scenery Nook,1507
5b418df73d88413b6ca9daa5,"{""type"": ""MultiPoint"", ""coordinates"": [[172.80779023804098, -43.80815699020219]]}",Little River,Te Oka Reserve,1538
5b418df73d88413b6ca9dab3,"{""type"": ""MultiPoint"", ""coordinates"": [[172.73273891862198, -43.8366887125943]]}",Little River,Tokoroa Bay,1552
5b418df73d88413b6ca9daba,"{""type"": ""MultiPoint"", ""coordinates"": [[172.277062049282, -43.8325755250577]]}",,Waihora,1559
5b418df73d88413b6ca9dabb,"{""type"": ""MultiPoint"", ""coordinates"": [[172.572963793252, -43.5052999881307]]}",Burnside,Flay Park,156
5b418df73d88413b6ca9dac5,"{""type"": ""MultiPoint"", ""coordinates"": [[173.072382773867, -43.6756707822744]]}",Okains Bay,West Head,1569
5b418df73d88413b6ca9dac8,"{""type"": ""MultiPoint"", ""coordinates"": [[172.71681709414, -43.615535718561]]}",Lyttelton,Whakaraupo,1571
5b418df73d88413b6ca9dace,"{""type"": ""MultiPoint"", ""coordinates"": [[172.336589853312, -43.8543730650091]]}",,Willow Glen,1577
5b418df73d88413b6ca9dad1,"{""type"": ""MultiPoint"", ""coordinates"": [[172.558765594531, -43.5123436216838]]}",Avonhead,Greendale Reserve,158
5b418df73d88413b6ca9dae6,"{""type"": ""MultiPoint"", ""coordinates"": [[172.789540069552, -43.770541456092]]}",Little River,Heritage Park Little River,1675
5b418df73d88413b6ca9daf4,"{""type"": ""MultiPoint"", ""coordinates"": [[172.57325675587, -43.5340274448752]]}",Upper Riccarton,Hansons Reserve,170
5b418df73d88413b6ca9dafc,"{""type"": ""MultiPoint"", ""coordinates"": [[172.69163811955, -43.5385663226999]]}",Bromley,Bromley Community Centre,1711
5b418df73d88413b6ca9db01,"{""type"": ""MultiPoint"", ""coordinates"": [[172.697677649879, -43.3996247178334]]}",Brooklands,Harbour Reserve,173
5b418df73d88413b6ca9da5c,"{""type"": ""MultiPoint"", ""coordinates"": [[172.816216317712, -43.6730830381224]]}",Port Levy,Onhetoro,1463
5b418df73d88413b6ca9da77,"{""type"": ""MultiPoint"", ""coordinates"": [[172.680097540987, -43.6101433643831]]}",Lyttelton,Rapaki Bay,1491
5b418df73d88413b6ca9da89,"{""type"": ""MultiPoint"", ""coordinates"": [[172.94924007609296, -43.6347180749788]]}",Pigeon Bay,Scrubby Bay,1508
5b418df73d88413b6ca9da9f,"{""type"": ""MultiPoint"", ""coordinates"": [[172.942662533646, -43.8390253300276]]}",Akaroa,Te Ahiteraiti,1532
5b418df73d88413b6ca9daa3,"{""type"": ""MultiPoint"", ""coordinates"": [[172.793624172196, -43.835884520397]]}",Little River,Te Oka,1536
5b418df73d88413b6ca9daa4,"{""type"": ""MultiPoint"", ""coordinates"": [[172.778151157095, -43.8581918211543]]}",Little River,Te Oka Bay,1537
5b418df73d88413b6ca9dab1,"{""type"": ""MultiPoint"", ""coordinates"": [[172.914885810387, -43.8623764239847]]}",Wainui,Titoki or Little Tikao Bay,1550
5b418df73d88413b6ca9dab4,"{""type"": ""MultiPoint"", ""coordinates"": [[172.883681362184, -43.8080579447415]]}",Wainui,Torcross,1553
5b418df73d88413b6ca9dac0,"{""type"": ""MultiPoint"", ""coordinates"": [[172.932942066535, -43.6239270415119]]}",Pigeon Bay,Wakaroa Point,1564
5b418df73d88413b6ca9dacf,"{""type"": ""MultiPoint"", ""coordinates"": [[172.295779661255, -43.8443821049976]]}",,Willowbrae,1578
5b418df73d88413b6ca9dad3,"{""type"": ""MultiPoint"", ""coordinates"": [[172.70661591411599, -43.8227669053881]]}",Birdlings Flat,Birdlings Flat,1584
5b418df73d88413b6ca9daf7,"{""type"": ""MultiPoint"", ""coordinates"": [[172.733007888235, -43.52772522006009]]}",South New Brighton,South New Brighton Community Centre,1702
5b418df73d88413b6ca9db08,"{""type"": ""MultiPoint"", ""coordinates"": [[172.605706923031, -43.4825141726603]]}",Casebrook,Heaphy Reserve,180
5b418df73d88413b6ca9da56,"{""type"": ""MultiPoint"", ""coordinates"": [[172.90831259020797, -43.8377179188526]]}",Wainui,Ohinepaka Bay,1457
5b418df73d88413b6ca9da5e,"{""type"": ""MultiPoint"", ""coordinates"": [[172.697355822917, -43.6666113298758]]}",Diamond Harbour,Orton Bradley Park,1465
5b418df73d88413b6ca9da60,"{""type"": ""MultiPoint"", ""coordinates"": [[173.063592943877, -43.8435140314262]]}",Akaroa,Otanerito Bay,1467
5b418df73d88413b6ca9da66,"{""type"": ""MultiPoint"", ""coordinates"": [[172.586652790523, -43.722004859196]]}",Motukarara,Park Hill,1473
5b418df73d88413b6ca9da75,"{""type"": ""MultiPoint"", ""coordinates"": [[172.727723559844, -43.5682482397199]]}",Moncks Spur,Kildare Reserve,149
5b418df73d88413b6ca9da8e,"{""type"": ""MultiPoint"", ""coordinates"": [[172.826895873545, -43.8884126302867]]}",Little River,Snuffle Nose,1516
5b418df73d88413b6ca9da95,"{""type"": ""MultiPoint"", ""coordinates"": [[173.124588616161, -43.7368220137325]]}",Le Bons Bay,Steep Head,1522
5b418df73d88413b6ca9daa1,"{""type"": ""MultiPoint"", ""coordinates"": [[172.773336149625, -43.8685223288286]]}",Little River,Te Kaio Bay,1534
5b418df73d88413b6ca9dab0,"{""type"": ""MultiPoint"", ""coordinates"": [[172.566003357311, -43.5102019446681]]}",Avonhead,Bullock Reserve,155
5b418df73d88413b6ca9dac6,"{""type"": ""MultiPoint"", ""coordinates"": [[172.616428922571, -43.4977784163601]]}",Papanui,Erica Playground,157
5b418df73d88413b6ca9dae0,"{""type"": ""MultiPoint"", ""coordinates"": [[172.905663652495, -43.8135507263251]]}",Wainui,Stanbury Reserve,1668
5b418df73d88413b6ca9daf3,"{""type"": ""MultiPoint"", ""coordinates"": [[172.643679236584, -43.5504231610169]]}",Sydenham,Cameron Reserve,17
5b418df73d88413b6ca9db10,"{""type"": ""MultiPoint"", ""coordinates"": [[172.92834545512798, -43.750365572976]]}",Duvauchelle,Duvauchelle Community Centre,1843
5b418df73d88413b6ca9da6b,"{""type"": ""MultiPoint"", ""coordinates"": [[172.856807295966, -43.821941381097496]]}",Little River,Peraki Saddle Reserve,1478
5b418df73d88413b6ca9da76,"{""type"": ""MultiPoint"", ""coordinates"": [[172.84005724267297, -43.635638866139196]]}",Port Levy,Putiki,1490
5b418df73d88413b6ca9da8f,"{""type"": ""MultiPoint"", ""coordinates"": [[173.10611542278, -43.8164850942168]]}",Akaroa,South Head,1517
5b418df73d88413b6ca9da98,"{""type"": ""MultiPoint"", ""coordinates"": [[173.043617298321, -43.8565361805941]]}",Akaroa,Stony Bay,1525
5b418df73d88413b6ca9daae,"{""type"": ""MultiPoint"", ""coordinates"": [[172.948835706448, -43.8970731856666]]}",Wainui,Timutimu Head,1548
5b418df73d88413b6ca9dac3,"{""type"": ""MultiPoint"", ""coordinates"": [[172.254784017356, -43.8694908746971]]}",,Wedderburn,1567
5b418df73d88413b6ca9dae2,"{""type"": ""MultiPoint"", ""coordinates"": [[172.79106809753497, -43.770263725695294]]}",Little River,Little River Service Centre,1670
5b418df73d88413b6ca9daee,"{""type"": ""MultiPoint"", ""coordinates"": [[172.617322123141, -43.5745732160023]]}",Hoon Hay Valley,Cracroft Community Centre,1689
5b418df73d88413b6ca9daf0,"{""type"": ""MultiPoint"", ""coordinates"": [[172.52176664076896, -43.535784548659]]}",Hei Hei,Hei Hei Community Centre,1693
5b418df73d88413b6ca9dafd,"{""type"": ""MultiPoint"", ""coordinates"": [[172.656761432315, -43.5372665427809]]}",Phillipstown,Phillipstown Community Centre,1712
5b418df73d88413b6ca9dafe,"{""type"": ""MultiPoint"", ""coordinates"": [[172.758626721292, -43.5690522490065]]}",Sumner,Sumner Community Centre,1713
5b418df73d88413b6ca9db00,"{""type"": ""MultiPoint"", ""coordinates"": [[172.604158821129, -43.5214171669769]]}",Fendalton,Daresbury Park,172
5b418df73d88413b6ca9db05,"{""type"": ""MultiPoint"", ""coordinates"": [[172.644253540798, -43.5480108013774]]}",Sydenham,Brougham Village,178
5b418df73d88413b6ca9db09,"{""type"": ""MultiPoint"", ""coordinates"": [[172.679464885943, -43.5485210366633]]}",Woolston,Connal Reserve,181
5b418df73d88413b6ca9da6f,"{""type"": ""MultiPoint"", ""coordinates"": [[172.76104257814, -43.6204567633376]]}",Diamond Harbour,Pile Bay,1482
5b418df73d88413b6ca9da73,"{""type"": ""MultiPoint"", ""coordinates"": [[172.746182861592, -43.6304389919451]]}",Diamond Harbour,Purau Bay,1488
5b418df73d88413b6ca9da79,"{""type"": ""MultiPoint"", ""coordinates"": [[172.556494506032, -43.595456695714]]}",Halswell,Rawhiti,1493
5b418df73d88413b6ca9da7a,"{""type"": ""MultiPoint"", ""coordinates"": [[173.082894324251, -43.836063061423495]]}",Akaroa,Red Bay,1494
5b418df73d88413b6ca9da8a,"{""type"": ""MultiPoint"", ""coordinates"": [[173.085225836613, -43.8347059812049]]}",Akaroa,Shell Bay,1509
5b418df73d88413b6ca9da8d,"{""type"": ""MultiPoint"", ""coordinates"": [[173.05845067165498, -43.8509314086827]]}",Akaroa,Sleepy Bay,1515
5b418df73d88413b6ca9da9e,"{""type"": ""MultiPoint"", ""coordinates"": [[172.778630762546, -43.5818296976071]]}",Scarborough,Taylors Mistake,1531
5b418df73d88413b6ca9daa9,"{""type"": ""MultiPoint"", ""coordinates"": [[172.905620068221, -43.667108494539]]}",Pigeon Bay,Teopopaka Point,1542
5b418df73d88413b6ca9daca,"{""type"": ""MultiPoint"", ""coordinates"": [[172.66164157378796, -43.776075696397]]}",Motukarara,Whitehaven,1573
5b418df73d88413b6ca9dad2,"{""type"": ""MultiPoint"", ""coordinates"": [[172.587882924902, -43.7348427314061]]}",Ahuriri,Willowlea,1580
5b418df73d88413b6ca9dad8,"{""type"": ""MultiPoint"", ""coordinates"": [[172.627258804444, -43.480560461188]]}",Redwood,Owen Mitchell Park,162
5b418df73d88413b6ca9db02,"{""type"": ""MultiPoint"", ""coordinates"": [[172.547131198184, -43.5218933950286]]}",Avonhead,Harkness Reserve,174
5b418df73d88413b6ca9db0d,"{""type"": ""MultiPoint"", ""coordinates"": [[172.96409648981498, -43.8087109261095]]}",Akaroa,Coronation Library,1839
5b418df73d88413b6ca9da5a,"{""type"": ""MultiPoint"", ""coordinates"": [[172.816159491737, -43.7863931341644]]}",Little River,Okuti Valley Reserve,1461
5b418df73d88413b6ca9da62,"{""type"": ""MultiPoint"", ""coordinates"": [[172.877700722415, -43.7854549147776]]}",Wainui,Oteshore,1469
5b418df73d88413b6ca9da64,"{""type"": ""MultiPoint"", ""coordinates"": [[172.978159544684, -43.633393840151]]}",Okains Bay,Otohuao Head,1470
5b418df73d88413b6ca9da68,"{""type"": ""MultiPoint"", ""coordinates"": [[172.71921924521897, -43.6249577753226]]}",Diamond Harbour,Pauaohinekotau Head,1475
5b418df73d88413b6ca9da7c,"{""type"": ""MultiPoint"", ""coordinates"": [[173.037177989378, -43.8727759054299]]}",Akaroa,Redcliffe Point,1496
5b418df73d88413b6ca9da8b,"{""type"": ""MultiPoint"", ""coordinates"": [[173.045874767422, -43.85972358951489]]}",Akaroa,Short Reef Point,1510
5b418df73d88413b6ca9da99,"{""type"": ""MultiPoint"", ""coordinates"": [[173.054878954478, -43.6723472951656]]}",Okains Bay,Stony Beach,1526
5b418df73d88413b6ca9daa2,"{""type"": ""MultiPoint"", ""coordinates"": [[172.287234419356, -43.8439997124341]]}",,Te Moana,1535
5b418df73d88413b6ca9daa6,"{""type"": ""MultiPoint"", ""coordinates"": [[172.688405185168, -43.5546209641484]]}",Woolston,Gould Reserve,154
5b418df73d88413b6ca9daac,"{""type"": ""MultiPoint"", ""coordinates"": [[172.344461482917, -43.8276009864816]]}",,Thornybush,1546
5b418df73d88413b6ca9dac7,"{""type"": ""MultiPoint"", ""coordinates"": [[172.873527278892, -43.900775135034095]]}",Wainui,Whakamoa Bay,1570
5b418df73d88413b6ca9dac9,"{""type"": ""MultiPoint"", ""coordinates"": [[172.862918929919, -43.7297232275806]]}",Little River,Whatarangi Totara Reserve,1572
5b418df73d88413b6ca9dacc,"{""type"": ""MultiPoint"", ""coordinates"": [[172.777016762462, -43.5742311436665]]}",Scarborough,Whitewash Head,1575
5b418df73d88413b6ca9dada,"{""type"": ""MultiPoint"", ""coordinates"": [[172.679997321923, -43.5143249757198]]}",Dallington,Halberg Reserve,166
5b418df73d88413b6ca9daef,"{""type"": ""MultiPoint"", ""coordinates"": [[172.553852453569, -43.5770678733185]]}",Oaklands,Alvaston Reserve,169
5b418df73d88413b6ca9da87,"{""type"": ""MultiPoint"", ""coordinates"": [[173.025248104771, -43.723664597936]]}",Okains Bay,Rowandale,1506
5b418df73d88413b6ca9dab6,"{""type"": ""MultiPoint"", ""coordinates"": [[172.761088277783, -43.8603986887054]]}",Little River,Tumbledown Bay,1555
5b418df73d88413b6ca9dacb,"{""type"": ""MultiPoint"", ""coordinates"": [[172.94060052587798, -43.6284455593094]]}",Pigeon Bay,Whitehead Bay,1574
5b418df73d88413b6ca9dacd,"{""type"": ""MultiPoint"", ""coordinates"": [[172.693935848621, -43.7840557765113]]}",Motukarara,Willesden,1576
5b418df73d88413b6ca9dad5,"{""type"": ""MultiPoint"", ""coordinates"": [[172.718900231387, -43.4818568521034]]}",Waimairi Beach,Aston Reserve,16
5b418df73d88413b6ca9dae8,"{""type"": ""MultiPoint"", ""coordinates"": [[172.724791161373, -43.6022448228071]]}",Lyttelton,Stevensons Reserve,1682
5b418df73d88413b6ca9daf6,"{""type"": ""MultiPoint"", ""coordinates"": [[172.572341742743, -43.5320916659599]]}",Upper Riccarton,Sir John McKenzie Library,1701
5b418df73d88413b6ca9db0e,"{""type"": ""MultiPoint"", ""coordinates"": [[172.599054125075, -43.5807350892855]]}",Westmorland,Highcrest Reserve,184
5b418df73d88413b6ca9da58,"{""type"": ""MultiPoint"", ""coordinates"": [[172.520235731942, -43.52921353582129]]}",Hei Hei,Gilberthorpe School,146
5b418df73d88413b6ca9da84,"{""type"": ""MultiPoint"", ""coordinates"": [[172.734081316383, -43.72036361155249]]}",Motukarara,Rockwood,1503
5b418df73d88413b6ca9da8c,"{""type"": ""MultiPoint"", ""coordinates"": [[172.325919514752, -43.8352659599309]]}",,Silverlea,1514
5b418df73d88413b6ca9da94,"{""type"": ""MultiPoint"", ""coordinates"": [[172.912011393283, -43.8954306032134]]}",Wainui,Squally Bay,1521
5b418df73d88413b6ca9da96,"{""type"": ""MultiPoint"", ""coordinates"": [[172.732932414848, -43.6056393214012]]}",Lyttelton,Sticking Point,1523
5b418df73d88413b6ca9dac4,"{""type"": ""MultiPoint"", ""coordinates"": [[173.0420156248, -43.7419301486796]]}",Le Bons Bay,Wenern,1568
5b418df73d88413b6ca9dae9,"{""type"": ""MultiPoint"", ""coordinates"": [[172.630528255491, -43.51371410539589]]}",St Albans,Abberley Park Hall,1683
5b418df73d88413b6ca9da57,"{""type"": ""MultiPoint"", ""coordinates"": [[172.697212025165, -43.8071787419366]]}",Motukarara,Okoura,1459
5b418df73d88413b6ca9da5b,"{""type"": ""MultiPoint"", ""coordinates"": [[172.704035828589, -43.8151789990341]]}",Little River,Omahanui,1462
5b418df73d88413b6ca9da5d,"{""type"": ""MultiPoint"", ""coordinates"": [[172.91783337681798, -43.8097633122043]]}",Wainui,Opukutahi,1464
5b418df73d88413b6ca9da85,"{""type"": ""MultiPoint"", ""coordinates"": [[172.895400486599, -43.8943261208581]]}",Wainui,Rocky Nook,1504
5b418df73d88413b6ca9da97,"{""type"": ""MultiPoint"", ""coordinates"": [[172.737192085715, -43.62319980933779]]}",Diamond Harbour,Stoddart Point,1524
5b418df73d88413b6ca9dad0,"{""type"": ""MultiPoint"", ""coordinates"": [[172.254117285638, -43.8487863062112]]}",,Willowbrook,1579
5b418df73d88413b6ca9dadc,"{""type"": ""MultiPoint"", ""coordinates"": [[172.646971917203, -43.6273152492884]]}",Governors Bay,Cholmondeley Reserve,1664
5b418df73d88413b6ca9daed,"{""type"": ""MultiPoint"", ""coordinates"": [[172.558244423094, -43.4990917331548]]}",Avonhead,Avice Hill Arts & Crafts Centre,1687
5b418df73d88413b6ca9da67,"{""type"": ""MultiPoint"", ""coordinates"": [[173.097366686929, -43.82281421704219]]}",Akaroa,Paua Bay,1474
5b418df73d88413b6ca9da83,"{""type"": ""MultiPoint"", ""coordinates"": [[172.794706843059, -43.8705923088367]]}",Little River,Robin Hood Bay,1501
5b418df73d88413b6ca9da86,"{""type"": ""MultiPoint"", ""coordinates"": [[173.008196217656, -43.6747522641298]]}",Okains Bay,Rosebank,1505
5b418df73d88413b6ca9da9c,"{""type"": ""MultiPoint"", ""coordinates"": [[172.952223510248, -43.7797804336158]]}",Akaroa,Takamatua Bay,1529
5b418df73d88413b6ca9daa8,"{""type"": ""MultiPoint"", ""coordinates"": [[172.692748200368, -43.6429724514478]]}",Diamond Harbour,Te Wharau,1541
5b418df73d88413b6ca9dabc,"{""type"": ""MultiPoint"", ""coordinates"": [[172.947040690319, -43.8992466835947]]}",Wainui,Waihuakina Bay,1560
5b418df73d88413b6ca9dad4,"{""type"": ""MultiPoint"", ""coordinates"": [[172.553839133964, -43.5363605935629]]}",Sockburn,Greenhurst Courts,159
5b418df73d88413b6ca9dadd,"{""type"": ""MultiPoint"", ""coordinates"": [[172.740083496947, -43.62334296814209]]}",Diamond Harbour,Stoddart Point Reserve,1665
5b418df73d88413b6ca9daf1,"{""type"": ""MultiPoint"", ""coordinates"": [[172.704601978501, -43.4817781041231]]}",Queenspark,Parklands Community Centre,1698
5b418df73d88413b6ca9db0b,"{""type"": ""MultiPoint"", ""coordinates"": [[172.96825851859197, -43.80158598184549]]}",Akaroa,Akaroa Playcentre,1837
5b418df73d88413b6ca9db25,"{""type"": ""MultiPoint"", ""coordinates"": [[172.621244706706, -43.4745916285253]]}",Redwood,James Condon Park,200
5b418df73d88413b6ca9db15,"{""type"": ""MultiPoint"", ""coordinates"": [[172.674529495198, -43.49552090850219]]}",Burwood,Horseshoe Lake Reserve,187
5b418df73d88413b6ca9db1a,"{""type"": ""MultiPoint"", ""coordinates"": [[172.65863598257198, -43.5799904965503]]}",Huntsbury,Huia Gilpin Reserve,191
5b418df73d88413b6ca9db5b,"{""type"": ""MultiPoint"", ""coordinates"": [[172.633999937702, -43.6118764174186]]}",Cashmere,Marleys Hill,2100
5b418df73d88413b6ca9db26,"{""type"": ""MultiPoint"", ""coordinates"": [[172.621225778227, -43.5706411914734]]}",Cashmere,Princess Margaret Hospital,2006
5b418df73d88413b6ca9db48,"{""type"": ""MultiPoint"", ""coordinates"": [[172.579797491374, -43.5306597369601]]}",Upper Riccarton,Homestead Ilam Hospital & Rest Home,2058
5b418df73d88413b6ca9db64,"{""type"": ""MultiPoint"", ""coordinates"": [[172.720986488299, -43.6027409920674]]}",Lyttelton,Lyttelton Service Centre,2132
5b418df73d88413b6ca9db77,"{""type"": ""MultiPoint"", ""coordinates"": [[172.475637731305, -43.55273381705919]]}",Templeton,Templeton Courts,220
5b418df73d88413b6ca9db49,"{""type"": ""MultiPoint"", ""coordinates"": [[172.580696786823, -43.5288998098395]]}",Upper Riccarton,Ilam Life Care Hospital & Rest Home,2059
5b418df83d88413b6ca9db86,"{""type"": ""MultiPoint"", ""coordinates"": [[172.660187113802, -43.46196508747919]]}",Marshland,Janet Stewart Reserve,233
5b418df73d88413b6ca9db6b,"{""type"": ""MultiPoint"", ""coordinates"": [[172.571219399879, -43.5850824016063]]}",Halswell,Halswell Library,2161
5b418df83d88413b6ca9db84,"{""type"": ""MultiPoint"", ""coordinates"": [[172.645283655693, -43.52293534793019]]}",Central City,Barbadoes Cemetery,23
5b418df83d88413b6ca9db93,"{""type"": ""MultiPoint"", ""coordinates"": [[172.69810071460398, -43.5435219786347]]}",Bromley,Kensington Reserve,238
5b418df83d88413b6ca9db95,"{""type"": ""MultiPoint"", ""coordinates"": [[172.709416637349, -43.6014717501651]]}",Lyttelton,Lyttelton West School,2381
5b418df83d88413b6ca9db92,"{""type"": ""MultiPoint"", ""coordinates"": [[172.555825291397, -43.5387741270094]]}",Sockburn,Civil Defence Training School,2379
5b418df83d88413b6ca9db9a,"{""type"": ""MultiPoint"", ""coordinates"": [[172.695799987121, -43.4034627705528]]}",Brooklands,Brooklands Community Centre,2386
5b418df83d88413b6ca9db97,"{""type"": ""MultiPoint"", ""coordinates"": [[172.734414731267, -43.55945329918269]]}",Redcliffs,Redcliffs School,2383
5b418df83d88413b6ca9dba8,"{""type"": ""MultiPoint"", ""coordinates"": [[172.62040400918, -43.5776532951888]]}",Cashmere,Jahan Reserve,2416
5b418df83d88413b6ca9db98,"{""type"": ""MultiPoint"", ""coordinates"": [[172.62063350270998, -43.4998012268092]]}",Papanui,Paparoa Street School,2384
5b418df83d88413b6ca9dbb2,"{""type"": ""MultiPoint"", ""coordinates"": [[172.949203017402, -43.7860246346604]]}",Akaroa,Kotare Reserve,2436
5b418df83d88413b6ca9dbb1,"{""type"": ""MultiPoint"", ""coordinates"": [[172.625358974164, -43.4550446259128]]}",Belfast,Kapuatohe Reserve,243
5b418df83d88413b6ca9dbcc,"{""type"": ""MultiPoint"", ""coordinates"": [[172.67778416361, -43.5612426235284]]}",Hillsborough,former Springhill School,2499
5b418df83d88413b6ca9dbb8,"{""type"": ""MultiPoint"", ""coordinates"": [[172.755011627161, -43.5656983551636]]}",Clifton,Sumner Coronation Garden,2446
5b418df83d88413b6ca9dbda,"{""type"": ""MultiPoint"", ""coordinates"": [[172.519398888266, -43.5245408691758]]}",Yaldhurst,Cognac Drive Reserve,2523
5b418df83d88413b6ca9dbc0,"{""type"": ""MultiPoint"", ""coordinates"": [[172.61732507844798, -43.4867466546918]]}",Redwood,Ramore Reserve,246
5b418df83d88413b6ca9dbc4,"{""type"": ""MultiPoint"", ""coordinates"": [[172.57624337778998, -43.5770167509636]]}",Halswell,John Olliver Reserve,2465
5b418df83d88413b6ca9dbdc,"{""type"": ""MultiPoint"", ""coordinates"": [[172.570525364855, -43.6023909694169]]}",Halswell,Stowe Drainage Reserve,2526
5b418df83d88413b6ca9dbc8,"{""type"": ""MultiPoint"", ""coordinates"": [[172.555685638172, -43.5368792187977]]}",Sockburn,Sockburn Park,249
5b418df83d88413b6ca9dbe7,"{""type"": ""MultiPoint"", ""coordinates"": [[172.695207781262, -43.49340545867669]]}",Burwood,Kingsbridge West Reserve,2541
5b418df83d88413b6ca9dbd8,"{""type"": ""MultiPoint"", ""coordinates"": [[172.516317800484, -43.52412970104]]}",Yaldhurst,Roullet Lane Reserve,2520
5b418df83d88413b6ca9dc07,"{""type"": ""MultiPoint"", ""coordinates"": [[172.970493056087, -43.8099773829716]]}",Akaroa,Watson Reserve,2582
5b418df83d88413b6ca9dbd9,"{""type"": ""MultiPoint"", ""coordinates"": [[172.922127277076, -43.7596035826796]]}",Duvauchelle,Douglas Kay Reserve,2522
5b418df83d88413b6ca9dbe0,"{""type"": ""MultiPoint"", ""coordinates"": [[172.653173947904, -43.5557346916138]]}",St Martins,St Martins Private School,2534
5b418df83d88413b6ca9dbe3,"{""type"": ""MultiPoint"", ""coordinates"": [[172.63266742860998, -43.5351163065226]]}",Central City,Southern Regional Health School,2538
5b418df83d88413b6ca9dbe4,"{""type"": ""MultiPoint"", ""coordinates"": [[172.652335062816, -43.625792583389]]}",Governors Bay,Cholmondeley Children's Home,2539
5b418df73d88413b6ca9db16,"{""type"": ""MultiPoint"", ""coordinates"": [[172.705477938791, -43.5025967217865]]}",Avondale,Hulverstone Reserve,188
5b418df83d88413b6ca9db96,"{""type"": ""MultiPoint"", ""coordinates"": [[172.56471322729598, -43.5722987885703]]}",Oaklands,Oaklands School,2382
5b418df73d88413b6ca9db18,"{""type"": ""MultiPoint"", ""coordinates"": [[172.72551576225, -43.5676543045171]]}",Mt Pleasant,Drayton Reserve,19
5b418df73d88413b6ca9db24,"{""type"": ""MultiPoint"", ""coordinates"": [[172.55657447047, -43.5006814529954]]}",Avonhead,Coringa Reserve,20
5b418df73d88413b6ca9db3d,"{""type"": ""MultiPoint"", ""coordinates"": [[172.646206140768, -43.5222766474162]]}",Central City,St Helenas Hospital & Rest Home,2040
5b418df73d88413b6ca9db53,"{""type"": ""MultiPoint"", ""coordinates"": [[172.688957357292, -43.573307049240796]]}",Hillsborough,Mary Duncan Park,2081
5b418df73d88413b6ca9db57,"{""type"": ""MultiPoint"", ""coordinates"": [[172.726978307893, -43.63018030892379]]}",Diamond Harbour,Diamond Harbour School,2092
5b418df73d88413b6ca9db5a,"{""type"": ""MultiPoint"", ""coordinates"": [[172.576105954282, -43.4979173655206]]}",Burnside,Kendal Reserve,210
5b418df73d88413b6ca9db63,"{""type"": ""MultiPoint"", ""coordinates"": [[172.97033364646697, -43.783856869019594]]}",Akaroa,former Takamatua School,2130
5b418df73d88413b6ca9db66,"{""type"": ""MultiPoint"", ""coordinates"": [[172.96312389255897, -43.8099566660574]]}",Akaroa,Akaroa Library,2146
5b418df83d88413b6ca9db7b,"{""type"": ""MultiPoint"", ""coordinates"": [[172.700606327251, -43.5725374165596]]}",Heathcote,Laing Reserve,222
5b418df83d88413b6ca9db83,"{""type"": ""MultiPoint"", ""coordinates"": [[172.510180892006, -43.5423002169333]]}",Islington,Lomax Reserve,229
5b418df83d88413b6ca9db85,"{""type"": ""MultiPoint"", ""coordinates"": [[172.655422307662, -43.5202121935167]]}",Richmond,Richmond Community Centre,230
5b418df83d88413b6ca9db8a,"{""type"": ""MultiPoint"", ""coordinates"": [[172.565814163223, -43.532160902884]]}",Upper Riccarton,St Allisa Court Rest Home,2341
5b418df83d88413b6ca9dbaf,"{""type"": ""MultiPoint"", ""coordinates"": [[172.951778538195, -43.7868303704719]]}",Akaroa,Kingfisher Reserve,2425
5b418df83d88413b6ca9dbc3,"{""type"": ""MultiPoint"", ""coordinates"": [[172.65400437073, -43.4917295080029]]}",Shirley,Havana Gardens Reserve,2463
5b418df83d88413b6ca9dbe2,"{""type"": ""MultiPoint"", ""coordinates"": [[172.628288228935, -43.4538414831255]]}",Belfast,Belfast School,2537
5b418df83d88413b6ca9dbf4,"{""type"": ""MultiPoint"", ""coordinates"": [[172.590855272502, -43.461339194204]]}",Belfast,Smacks Creek Riverbank Reserve,2555
5b418df83d88413b6ca9dbf5,"{""type"": ""MultiPoint"", ""coordinates"": [[172.465865365863, -43.5239187671076]]}",Templeton,Christchurch Men's Prison,2557
5b418df83d88413b6ca9db9c,"{""type"": ""MultiPoint"", ""coordinates"": [[172.601084695452, -43.48816334682449]]}",Papanui,Morrison Avenue Reserve,2390
5b418df83d88413b6ca9dbad,"{""type"": ""MultiPoint"", ""coordinates"": [[172.606516642818, -43.4534773557368]]}",Belfast,Brookwater Reserve,2420
5b418df83d88413b6ca9dbbc,"{""type"": ""MultiPoint"", ""coordinates"": [[172.547650620892, -43.5465245050804]]}",Hornby,Air Force Museum of New Zealand,2453
5b418df83d88413b6ca9dbdd,"{""type"": ""MultiPoint"", ""coordinates"": [[172.575036547589, -43.5792938376626]]}",Halswell,Cridland Drainage Reserve,2527
5b418df83d88413b6ca9dbde,"{""type"": ""MultiPoint"", ""coordinates"": [[172.649211078799, -43.5719067026458]]}",Huntsbury,Coronation Reserve,253
5b418df83d88413b6ca9dbe6,"{""type"": ""MultiPoint"", ""coordinates"": [[172.795659368122, -43.763789875498794]]}",Little River,Little River School,2540
5b418df83d88413b6ca9dbec,"{""type"": ""MultiPoint"", ""coordinates"": [[172.685997421277, -43.528939561927594]]}",Bromley,Merrilees Reserve,2547
5b418df73d88413b6ca9db14,"{""type"": ""MultiPoint"", ""coordinates"": [[172.638600354978, -43.5720942966582]]}",Cashmere,Holliss Reserve,186
5b418df73d88413b6ca9db13,"{""type"": ""MultiPoint"", ""coordinates"": [[172.898820568285, -43.6866946499335]]}",Pigeon Bay,Pigeon Bay Hall,1850
5b418df73d88413b6ca9db17,"{""type"": ""MultiPoint"", ""coordinates"": [[172.652186490303, -43.5667036157524]]}",Huntsbury,Huntsbury Playground,189
5b418df73d88413b6ca9db35,"{""type"": ""MultiPoint"", ""coordinates"": [[172.62317262675697, -43.5106105028852]]}",St Albans,Nurse Maude Centenary Hospice,2020
5b418df73d88413b6ca9db36,"{""type"": ""MultiPoint"", ""coordinates"": [[172.630147532799, -43.5350792909831]]}",Central City,Oxford Clinic Hospital,2021
5b418df73d88413b6ca9db38,"{""type"": ""MultiPoint"", ""coordinates"": [[172.664958266322, -43.409866670534996]]}",Brooklands,Kainga Park,203
5b418df73d88413b6ca9db4b,"{""type"": ""MultiPoint"", ""coordinates"": [[172.702721720598, -43.4984067937199]]}",New Brighton,Kate Sheppard Lakeside Hospital & Rest Home,2060
5b418df73d88413b6ca9db71,"{""type"": ""MultiPoint"", ""coordinates"": [[172.939683475419, -43.7520022414065]]}",Duvauchelle,Treatment Plant Station TP2502 DV Duvauchelle WW,2174
5b418df83d88413b6ca9db7f,"{""type"": ""MultiPoint"", ""coordinates"": [[172.58268583676298, -43.5583601790839]]}",Hillmorton,West Watson Park,226
5b418df83d88413b6ca9db88,"{""type"": ""MultiPoint"", ""coordinates"": [[172.563095146331, -43.534940535197094]]}",Upper Riccarton,Upper Riccarton Community and School Library,2339
5b418df83d88413b6ca9db8b,"{""type"": ""MultiPoint"", ""coordinates"": [[172.633612777802, -43.5307699975495]]}",Central City,Our City Otautahi,2343
5b418df83d88413b6ca9db99,"{""type"": ""MultiPoint"", ""coordinates"": [[172.648288762581, -43.49371999990189]]}",Mairehau,Mairehau High School,2385
5b418df83d88413b6ca9dba6,"{""type"": ""MultiPoint"", ""coordinates"": [[172.554610187913, -43.5261650691241]]}",Avonhead,Avonhead Preschool,2410
5b418df83d88413b6ca9dba9,"{""type"": ""MultiPoint"", ""coordinates"": [[172.593613603825, -43.5522172734468]]}",Addington,Sunnyside Heritage Garden,2417
5b418df83d88413b6ca9dbbf,"{""type"": ""MultiPoint"", ""coordinates"": [[172.691040097849, -43.5522248441307]]}",Woolston,Steam Wharf Stream Reserve,2458
5b418df83d88413b6ca9dbcb,"{""type"": ""MultiPoint"", ""coordinates"": [[172.724916610331, -43.5106046975321]]}",New Brighton,Nova Montessori School,2498
5b418df83d88413b6ca9dbfb,"{""type"": ""MultiPoint"", ""coordinates"": [[172.970338057234, -43.7843493948989]]}",Akaroa,Takamatua Reserve,2571
5b418df83d88413b6ca9dc06,"{""type"": ""MultiPoint"", ""coordinates"": [[172.96369249362, -43.8153928251906]]}",Akaroa,Kowhai Grove Esplanade Reserve,2581
5b418df73d88413b6ca9db1f,"{""type"": ""MultiPoint"", ""coordinates"": [[172.64475635648097, -43.4965054453514]]}",Mairehau,Edgeware Tennis Club,196
5b418df73d88413b6ca9db29,"{""type"": ""MultiPoint"", ""coordinates"": [[172.590810856636, -43.4895443033588]]}",Bishopdale,Auchenflower Rest Home,2009
5b418df73d88413b6ca9db2e,"{""type"": ""MultiPoint"", ""coordinates"": [[172.655379707517, -43.5135864250963]]}",Richmond,Churchill Courts Rest Home,2013
5b418df73d88413b6ca9db54,"{""type"": ""MultiPoint"", ""coordinates"": [[172.68910607746, -43.5737464691379]]}",Hillsborough,The Duncan Park,2082
5b418df73d88413b6ca9db67,"{""type"": ""MultiPoint"", ""coordinates"": [[172.635173586152, -43.5296234278098]]}",Central City,Central Library,2148
5b418df83d88413b6ca9dba4,"{""type"": ""MultiPoint"", ""coordinates"": [[172.63685632252196, -43.5323899149106]]}",Central City,The Stewart Plaza,2407
5b418df83d88413b6ca9dbaa,"{""type"": ""MultiPoint"", ""coordinates"": [[172.588663876974, -43.5511857179204]]}",Addington,Seager Park,2418
5b418df83d88413b6ca9dbae,"{""type"": ""MultiPoint"", ""coordinates"": [[172.668173217155, -43.531099007221]]}",Linwood,Worcester Corner Reserve,2421
5b418df83d88413b6ca9dbc7,"{""type"": ""MultiPoint"", ""coordinates"": [[172.508288803405, -43.5444596172547]]}",Islington,Leslie Park,247
5b418df83d88413b6ca9dbef,"{""type"": ""MultiPoint"", ""coordinates"": [[172.52668419184698, -43.5291100752918]]}",Broomfield,Malabar Reserve,255
5b418df83d88413b6ca9dbfd,"{""type"": ""MultiPoint"", ""coordinates"": [[172.955881599623, -43.8134636264908]]}",Akaroa,Hempleman Beach Reserve,2573
5b418df83d88413b6ca9dbfe,"{""type"": ""MultiPoint"", ""coordinates"": [[172.956525878619, -43.813651583667]]}",Akaroa,Akaroa Anglican and Dissenters Cemetery,2574
5b418df83d88413b6ca9dbff,"{""type"": ""MultiPoint"", ""coordinates"": [[172.95787824871, -43.8145465224865]]}",Akaroa,Akaroa Catholic Cemetery,2575
5b418df73d88413b6ca9db1b,"{""type"": ""MultiPoint"", ""coordinates"": [[172.65592505280696, -43.591170718301996]]}",Huntsbury,Bowenvale Park,192
5b418df73d88413b6ca9db34,"{""type"": ""MultiPoint"", ""coordinates"": [[172.622243729597, -43.51113328583799]]}",St Albans,Nurse Maude Memorial Hospital,2019
5b418df73d88413b6ca9db3a,"{""type"": ""MultiPoint"", ""coordinates"": [[172.570946130467, -43.5609416123725]]}",Oaklands,St John of God Hospital,2038
5b418df73d88413b6ca9db52,"{""type"": ""MultiPoint"", ""coordinates"": [[172.688005009238, -43.5366262321596]]}",Bromley,Bromley School,208
5b418df73d88413b6ca9db41,"{""type"": ""MultiPoint"", ""coordinates"": [[172.62246904177, -43.5464783450822]]}",Addington,Bishop Selwyn Hospital & Rest Home,2044
5b418df73d88413b6ca9db58,"{""type"": ""MultiPoint"", ""coordinates"": [[172.649971103493, -43.6239557802978]]}",Governors Bay,Governors Bay School,2093
5b418df73d88413b6ca9db55,"{""type"": ""MultiPoint"", ""coordinates"": [[172.537207238708, -43.4880709617589]]}",Harewood,Christchurch International Airport,2085
5b418df73d88413b6ca9db6a,"{""type"": ""MultiPoint"", ""coordinates"": [[172.566589761407, -43.5826068888056]]}",Halswell,Kinrara Reserve,216
5b418df83d88413b6ca9db7d,"{""type"": ""MultiPoint"", ""coordinates"": [[172.530305378249, -43.527172493812394]]}",Broomfield,Laramie Reserve,224
5b418df83d88413b6ca9db81,"{""type"": ""MultiPoint"", ""coordinates"": [[172.606290821017, -43.5490954554019]]}",Spreydon,Leith Reserve,227
5b418df73d88413b6ca9db60,"{""type"": ""MultiPoint"", ""coordinates"": [[172.963054608773, -43.8111882495399]]}",Akaroa,Akaroa Area School,2128
5b418df83d88413b6ca9db8c,"{""type"": ""MultiPoint"", ""coordinates"": [[172.63363257044, -43.530770039754394]]}",Central City,former Municipal Chambers,2344
5b418df73d88413b6ca9db65,"{""type"": ""MultiPoint"", ""coordinates"": [[172.585812113819, -43.489745460024196]]}",Bishopdale,Bishopdale Community Pre School,2140
5b418df73d88413b6ca9db75,"{""type"": ""MultiPoint"", ""coordinates"": [[172.472201566291, -43.55093170968869]]}",Templeton,Templeton Primary School,219
5b418df83d88413b6ca9db82,"{""type"": ""MultiPoint"", ""coordinates"": [[172.625272571866, -43.498934259983]]}",St Albans,Lewisham Reserve,228
5b418df83d88413b6ca9db9e,"{""type"": ""MultiPoint"", ""coordinates"": [[172.60285728997297, -43.5577703686421]]}",Hoon Hay,Spreydon Riverbank Reserves,2395
5b418df83d88413b6ca9db89,"{""type"": ""MultiPoint"", ""coordinates"": [[172.664721949505, -43.4577267925419]]}",Marshland,Styx River Reserve Living Laboratory,234
5b418df83d88413b6ca9dba7,"{""type"": ""MultiPoint"", ""coordinates"": [[172.594325419226, -43.4631984005507]]}",Belfast,Willowbank Wildlife Reserve,2412
5b418df83d88413b6ca9dbab,"{""type"": ""MultiPoint"", ""coordinates"": [[172.58891389596897, -43.5499872733003]]}",Addington,Mokihi Reserve,2419
5b418df83d88413b6ca9db94,"{""type"": ""MultiPoint"", ""coordinates"": [[172.723411200988, -43.6024956327141]]}",Lyttelton,Lyttelton Main School,2380
5b418df83d88413b6ca9dbc9,"{""type"": ""MultiPoint"", ""coordinates"": [[172.655068190219, -43.5225646856687]]}",Richmond,Alexandra Park,2495
5b418df83d88413b6ca9dbb5,"{""type"": ""MultiPoint"", ""coordinates"": [[172.59519229437697, -43.548780880683694]]}",Addington,Linden Grove,2442
5b418df83d88413b6ca9dbcd,"{""type"": ""MultiPoint"", ""coordinates"": [[172.736928486562, -43.5721757816945]]}",Redcliffs,Barnett Park Conservation,25
5b418df83d88413b6ca9dbbe,"{""type"": ""MultiPoint"", ""coordinates"": [[172.60135350626996, -43.550012963962395]]}",Spreydon,Lincoln Park,2456
5b418df83d88413b6ca9dbcf,"{""type"": ""MultiPoint"", ""coordinates"": [[172.62968891933298, -43.5271983820485]]}",Central City,The Cathedral Grammar School  Pre-School,2500
5b418df83d88413b6ca9dbe5,"{""type"": ""MultiPoint"", ""coordinates"": [[172.715326954631, -43.567153014547]]}",Mt Pleasant,Old School Reserve,254
5b418df83d88413b6ca9dbe9,"{""type"": ""MultiPoint"", ""coordinates"": [[172.692526850265, -43.4118050713767]]}",Brooklands,Styx River Boating Reserve,2544
5b418df83d88413b6ca9dbd4,"{""type"": ""MultiPoint"", ""coordinates"": [[172.566904197436, -43.5319271656385]]}",Upper Riccarton,Glebe Reserve,251
5b418df83d88413b6ca9dbf1,"{""type"": ""MultiPoint"", ""coordinates"": [[172.616156477502, -43.4525169706269]]}",Belfast,Rosebank Reserve,2551
5b418df83d88413b6ca9dc08,"{""type"": ""MultiPoint"", ""coordinates"": [[172.967774586476, -43.8105270598196]]}",Akaroa,Bercusson Reserve,2583
5b418df83d88413b6ca9dbd6,"{""type"": ""MultiPoint"", ""coordinates"": [[172.520790805387, -43.5264469393915]]}",Yaldhurst,Little Oaks Reserve,2516
5b418df83d88413b6ca9dc00,"{""type"": ""MultiPoint"", ""coordinates"": [[172.948939939976, -43.815579978021]]}",Akaroa,Britomart Memorial,2576
5b418df73d88413b6ca9db27,"{""type"": ""MultiPoint"", ""coordinates"": [[172.961004806261, -43.8137975695631]]}",Akaroa,Akaroa Hospital,2007
5b418df73d88413b6ca9db12,"{""type"": ""MultiPoint"", ""coordinates"": [[172.715837081639, -43.5609741733243]]}",St Andrews Hill,Hilltop Reserve,185
5b418df73d88413b6ca9db1e,"{""type"": ""MultiPoint"", ""coordinates"": [[172.640715556582, -43.4980109902235]]}",Mairehau,Innes Courts,195
5b418df73d88413b6ca9db2a,"{""type"": ""MultiPoint"", ""coordinates"": [[172.592665116617, -43.5140798716004]]}",Fendalton,Jeffreys Reserve,201
5b418df73d88413b6ca9db37,"{""type"": ""MultiPoint"", ""coordinates"": [[172.611042368483, -43.501885280780996]]}",Papanui,Parklands Hospital,2022
5b418df73d88413b6ca9db2b,"{""type"": ""MultiPoint"", ""coordinates"": [[172.624472211997, -43.5338216431596]]}",Central City,Christchurch Women's Hospital,2010
5b418df73d88413b6ca9db3f,"{""type"": ""MultiPoint"", ""coordinates"": [[172.66882185222198, -43.5392684773262]]}",Linwood,Parkwood Hospital & Rest Home,2042
5b418df73d88413b6ca9db47,"{""type"": ""MultiPoint"", ""coordinates"": [[172.61115695495596, -43.5606976362816]]}",Spreydon,George Manning House Hospital & Rest Home,2057
5b418df73d88413b6ca9db4e,"{""type"": ""MultiPoint"", ""coordinates"": [[172.582705834269, -43.5092420064331]]}",Burnside,Jellie Park Recreation and Sport Centre,2065
5b418df73d88413b6ca9db59,"{""type"": ""MultiPoint"", ""coordinates"": [[172.465304468044, -43.5462500317327]]}",Templeton,Azalea Reserve,21
5b418df73d88413b6ca9db4c,"{""type"": ""MultiPoint"", ""coordinates"": [[172.55254484194998, -43.5163475103839]]}",Hyde Park,Maidstone Lodge Hospital & Rest Home,2061
5b418df73d88413b6ca9db62,"{""type"": ""MultiPoint"", ""coordinates"": [[172.623808069753, -43.4987677129135]]}",St Albans,Rutland Reserve,213
5b418df73d88413b6ca9db6c,"{""type"": ""MultiPoint"", ""coordinates"": [[172.791072949816, -43.7702555763194]]}",Little River,Little River Library,2165
5b418df73d88413b6ca9db72,"{""type"": ""MultiPoint"", ""coordinates"": [[172.707120074497, -43.4819018594484]]}",Parklands,Parklands Library,2176
5b418df83d88413b6ca9db9b,"{""type"": ""MultiPoint"", ""coordinates"": [[172.699021482209, -43.5424803126205]]}",Bromley,Maces Reserve,239
5b418df83d88413b6ca9db7c,"{""type"": ""MultiPoint"", ""coordinates"": [[172.630199186744, -43.4410112252056]]}",Belfast,Darroch Reserve,223
5b418df83d88413b6ca9dba3,"{""type"": ""MultiPoint"", ""coordinates"": [[172.637408288483, -43.5350696693133]]}",Central City,Tuam Street Early Learning Centre,2400
5b418df83d88413b6ca9db87,"{""type"": ""MultiPoint"", ""coordinates"": [[172.75890446575298, -43.5689744930793]]}",Sumner,Sumner Library,2338
5b418df83d88413b6ca9dbb0,"{""type"": ""MultiPoint"", ""coordinates"": [[172.592735492397, -43.5498329840355]]}",Addington,Pavilion Park,2426
5b418df83d88413b6ca9dbce,"{""type"": ""MultiPoint"", ""coordinates"": [[172.564328051856, -43.5333744074937]]}",Upper Riccarton,Riccarton Primary School,250
5b418df83d88413b6ca9dbeb,"{""type"": ""MultiPoint"", ""coordinates"": [[172.633635169168, -43.5636464065879]]}",Beckenham,Ernle Clark Reserve,2546
5b418df83d88413b6ca9dbb4,"{""type"": ""MultiPoint"", ""coordinates"": [[172.63008308645996, -43.4549679091391]]}",Belfast,Sheldon Park,244
5b418df83d88413b6ca9dbf6,"{""type"": ""MultiPoint"", ""coordinates"": [[172.447286567714, -43.5292868257075]]}",Templeton,Christchurch Women's Prison,2558
5b418df83d88413b6ca9dbca,"{""type"": ""MultiPoint"", ""coordinates"": [[172.57229880959798, -43.563391690713196]]}",Oaklands,Aidanfield Christian School,2497
5b418df83d88413b6ca9dc02,"{""type"": ""MultiPoint"", ""coordinates"": [[172.949780092427, -43.8191807308474]]}",Akaroa,Takapuneke Reserve,2578
5b418df83d88413b6ca9dc04,"{""type"": ""MultiPoint"", ""coordinates"": [[172.601226651842, -43.4946949671104]]}",Papanui,Marble Wood Reserve,258
5b418df83d88413b6ca9dc03,"{""type"": ""MultiPoint"", ""coordinates"": [[172.96645937779, -43.8203395852434]]}",Akaroa,Aylmers Valley Esplanade Reserve,2579
5b418df73d88413b6ca9db28,"{""type"": ""MultiPoint"", ""coordinates"": [[172.590333055817, -43.4893550823291]]}",Bishopdale,Bethesda Hospital,2008
5b418df73d88413b6ca9db21,"{""type"": ""MultiPoint"", ""coordinates"": [[172.703507233001, -43.4750135527391]]}",Parklands,Inwoods Reserve,198
5b418df73d88413b6ca9db2d,"{""type"": ""MultiPoint"", ""coordinates"": [[172.654720944466, -43.512906574375]]}",Richmond,Churchill Hospital,2012
5b418df73d88413b6ca9db43,"{""type"": ""MultiPoint"", ""coordinates"": [[172.6860758745, -43.39926939134939]]}",Brooklands,Kainga Road Reserve,205
5b418df73d88413b6ca9db2f,"{""type"": ""MultiPoint"", ""coordinates"": [[172.666006294877, -43.512924145918994]]}",Dallington,Woodchester Hospital & Rest Home,2014
5b418df73d88413b6ca9db56,"{""type"": ""MultiPoint"", ""coordinates"": [[172.68883124689, -43.53755854463919]]}",Bromley,Cypress Garden Reserve,209
5b418df73d88413b6ca9db6d,"{""type"": ""MultiPoint"", ""coordinates"": [[172.720678013264, -43.6026544904301]]}",Lyttelton,Lyttelton Library,2167
5b418df73d88413b6ca9db73,"{""type"": ""MultiPoint"", ""coordinates"": [[172.728489650052, -43.6070632178073]]}",Lyttelton,Lyttelton Wastewater Treatment Plant,2177
5b418df73d88413b6ca9db42,"{""type"": ""MultiPoint"", ""coordinates"": [[172.63488058763, -43.51907925839009]]}",St Albans,Mary Potter Courts,2045
5b418df83d88413b6ca9db80,"{""type"": ""MultiPoint"", ""coordinates"": [[172.588093669566, -43.4784074514309]]}",Harewood,Emmanuel Christian School,2269
5b418df83d88413b6ca9db8d,"{""type"": ""MultiPoint"", ""coordinates"": [[172.621576091274, -43.4699383742628]]}",Redwood,Murchison Park,235
5b418df83d88413b6ca9db9d,"{""type"": ""MultiPoint"", ""coordinates"": [[172.987645072247, -43.8395442923045]]}",Akaroa,Misty Peaks Reserve,2394
5b418df73d88413b6ca9db50,"{""type"": ""MultiPoint"", ""coordinates"": [[173.041831250682, -43.7095937568399]]}",Okains Bay,Okains Bay Community Centre,2073
5b418df83d88413b6ca9db9f,"{""type"": ""MultiPoint"", ""coordinates"": [[172.645119277061, -43.4915020367906]]}",Mairehau,Teagarden Reserve,2396
5b418df73d88413b6ca9db51,"{""type"": ""MultiPoint"", ""coordinates"": [[172.68773088551097, -43.6076426032151]]}",Lyttelton,Pony Point,2074
5b418df83d88413b6ca9dba0,"{""type"": ""MultiPoint"", ""coordinates"": [[172.459275605437, -43.5363739185427]]}",Templeton,Westmount School,2397
5b418df73d88413b6ca9db68,"{""type"": ""MultiPoint"", ""coordinates"": [[172.644743313091, -43.5547017732831]]}",Sydenham,Mabel Howard Reserve,215
5b418df83d88413b6ca9dba1,"{""type"": ""MultiPoint"", ""coordinates"": [[172.618281436583, -43.5564240335975]]}",Spreydon,Spreydon Library,24
5b418df73d88413b6ca9db69,"{""type"": ""MultiPoint"", ""coordinates"": [[172.741516580843, -43.6237489938492]]}",Diamond Harbour,Diamond Harbour Cemetery,2158
5b418df83d88413b6ca9dbb6,"{""type"": ""MultiPoint"", ""coordinates"": [[172.723950501098, -43.625854858532094]]}",Diamond Harbour,Coastal Cliff Reserve,2443
5b418df83d88413b6ca9dbbd,"{""type"": ""MultiPoint"", ""coordinates"": [[172.556434167035, -43.5915481477173]]}",Halswell,Creamery Ponds,2455
5b418df73d88413b6ca9db70,"{""type"": ""MultiPoint"", ""coordinates"": [[172.718679025014, -43.6249791348542]]}",Diamond Harbour,Diamond Harbour Wastewater Treatment Plant,2173
5b418df83d88413b6ca9dbc1,"{""type"": ""MultiPoint"", ""coordinates"": [[172.615265753409, -43.5016759354818]]}",Papanui,Nightingale Reserve,2460
5b418df83d88413b6ca9db8f,"{""type"": ""MultiPoint"", ""coordinates"": [[172.61365699666197, -43.56695073715899]]}",Spreydon,Centennial Park,237
5b418df83d88413b6ca9dba2,"{""type"": ""MultiPoint"", ""coordinates"": [[172.642619653735, -43.4993519697442]]}",St Albans,Mairehau School,240
5b418df83d88413b6ca9dbdb,"{""type"": ""MultiPoint"", ""coordinates"": [[172.578435049654, -43.598812832403]]}",Halswell,Halswell Quarry Park,2525
5b418df83d88413b6ca9dbf8,"{""type"": ""MultiPoint"", ""coordinates"": [[172.564393264049, -43.533374654307394]]}",Upper Riccarton,Riccarton School,2561
5b418df83d88413b6ca9dbb3,"{""type"": ""MultiPoint"", ""coordinates"": [[172.593236615234, -43.5505186786741]]}",Addington,Albion Reserve,2437
5b418df83d88413b6ca9dbfa,"{""type"": ""MultiPoint"", ""coordinates"": [[172.523788400368, -43.5335178904728]]}",Hei Hei,Wycola Courts,257
5b418df83d88413b6ca9dbb7,"{""type"": ""MultiPoint"", ""coordinates"": [[172.463144970358, -43.46682479632769]]}",Harewood,Orana Park,2444
5b418df83d88413b6ca9dbb9,"{""type"": ""MultiPoint"", ""coordinates"": [[172.606863938801, -43.5767968909172]]}",Hoon Hay Valley,Cashmere Stream Esplanade Reserve,2449
5b418df83d88413b6ca9dbd2,"{""type"": ""MultiPoint"", ""coordinates"": [[172.654850721128, -43.52025513854]]}",Richmond,Jean Seabrook Memorial School,2507
5b418df83d88413b6ca9dbea,"{""type"": ""MultiPoint"", ""coordinates"": [[172.723741544945, -43.6020525596307]]}",Lyttelton,Oxford Street Reserve,2545
5b418df83d88413b6ca9dbfc,"{""type"": ""MultiPoint"", ""coordinates"": [[172.954675486868, -43.8149650305888]]}",Akaroa,Clare Reserve,2572
5b418df73d88413b6ca9db1c,"{""type"": ""MultiPoint"", ""coordinates"": [[172.638385878144, -43.54786143212159]]}",Sydenham,Sydenham Community Centre,193
5b418df73d88413b6ca9db20,"{""type"": ""MultiPoint"", ""coordinates"": [[172.62981162440096, -43.5043197695235]]}",St Albans,Malvern Park,197
5b418df73d88413b6ca9db32,"{""type"": ""MultiPoint"", ""coordinates"": [[172.63489460442997, -43.5205332869462]]}",St Albans,Southern Cross Hospital,2017
5b418df73d88413b6ca9db3b,"{""type"": ""MultiPoint"", ""coordinates"": [[172.585991541926, -43.5283944109699]]}",Riccarton,St Nicolas Hospital,2039
5b418df73d88413b6ca9db3e,"{""type"": ""MultiPoint"", ""coordinates"": [[172.659579821513, -43.5212097563463]]}",Richmond,St Ives Hospital & Rest Home,2041
5b418df73d88413b6ca9db5d,"{""type"": ""MultiPoint"", ""coordinates"": [[172.687994631204, -43.5623063748834]]}",Woolston,Kennaway Reserve,211
5b418df73d88413b6ca9db4f,"{""type"": ""MultiPoint"", ""coordinates"": [[172.52032369515697, -43.5425862431901]]}",Hornby,Denton Park,207
5b418df73d88413b6ca9db6f,"{""type"": ""MultiPoint"", ""coordinates"": [[172.94657441383796, -43.8187686351855]]}",Akaroa,Akaroa Wastewater Treatment Plant,2172
5b418df73d88413b6ca9db5c,"{""type"": ""MultiPoint"", ""coordinates"": [[172.46759904517, -43.6433789048868]]}",,Lincoln University,2103
5b418df73d88413b6ca9db76,"{""type"": ""MultiPoint"", ""coordinates"": [[172.667558743841, -43.51243392159919]]}",Dallington,Banks Avenue School,22
5b418df73d88413b6ca9db5f,"{""type"": ""MultiPoint"", ""coordinates"": [[172.93142438543998, -43.7497470736033]]}",Duvauchelle,Duvauchelle School,2127
5b418df73d88413b6ca9db78,"{""type"": ""MultiPoint"", ""coordinates"": [[172.63796799439098, -43.5614029913785]]}",Beckenham,South Christchurch Library,2201
5b418df73d88413b6ca9db6e,"{""type"": ""MultiPoint"", ""coordinates"": [[172.53735999860396, -43.5316025293763]]}",Riccarton Park,Kinross Reserve,217
5b418df83d88413b6ca9dba5,"{""type"": ""MultiPoint"", ""coordinates"": [[172.751896532546, -43.5646454438256]]}",Clifton,Peacocks Gallop,241
5b418df83d88413b6ca9db79,"{""type"": ""MultiPoint"", ""coordinates"": [[172.638013981346, -43.5614079161084]]}",Beckenham,Beckenham Service Centre,2202
5b418df83d88413b6ca9dbba,"{""type"": ""MultiPoint"", ""coordinates"": [[172.587957463773, -43.6006097572986]]}",Halswell,Quarry Hill Reserve,2450
5b418df83d88413b6ca9db7e,"{""type"": ""MultiPoint"", ""coordinates"": [[172.60418084927898, -43.5081345031448]]}",Bryndwr,Bryndwr Courts,225
5b418df83d88413b6ca9dbbb,"{""type"": ""MultiPoint"", ""coordinates"": [[172.68421066536698, -43.4483415488757]]}",Marshland,Sheppards Stream Reserve,2452
5b418df83d88413b6ca9db90,"{""type"": ""MultiPoint"", ""coordinates"": [[172.638913459701, -43.5348253514134]]}",Central City,SOL Square,2374
5b418df83d88413b6ca9dbc2,"{""type"": ""MultiPoint"", ""coordinates"": [[172.652537522452, -43.4640542666386]]}",Belfast,Styx River Reserve No. 2,2461
5b418df83d88413b6ca9dbd0,"{""type"": ""MultiPoint"", ""coordinates"": [[172.638024946119, -43.5225852683693]]}",Central City,St Mary's School,2502
5b418df83d88413b6ca9dbd1,"{""type"": ""MultiPoint"", ""coordinates"": [[172.518456964504, -43.5223012277118]]}",Yaldhurst,Ferdinand Terrace Reserve,2505
5b418df83d88413b6ca9dbd3,"{""type"": ""MultiPoint"", ""coordinates"": [[172.516040231647, -43.5229085785849]]}",Yaldhurst,F W Delamain Park,2509
5b418df83d88413b6ca9dbd7,"{""type"": ""MultiPoint"", ""coordinates"": [[172.517573759424, -43.524332438035]]}",Yaldhurst,Philippe Avenue Reserve,2518
5b418df83d88413b6ca9dbd5,"{""type"": ""MultiPoint"", ""coordinates"": [[172.668969399628, -43.5041049018598]]}",Shirley,Kingslea School,2512
5b418df83d88413b6ca9dbed,"{""type"": ""MultiPoint"", ""coordinates"": [[172.96311142514097, -43.8112124072243]]}",Akaroa,Akaroa School,2548
5b418df83d88413b6ca9dbee,"{""type"": ""MultiPoint"", ""coordinates"": [[172.815680136657, -43.7531738676325]]}",Little River,Morice Reserve,2549
5b418df83d88413b6ca9dc01,"{""type"": ""MultiPoint"", ""coordinates"": [[172.948873248523, -43.8178454295746]]}",Akaroa,Beach Road Park,2577
5b418df73d88413b6ca9db19,"{""type"": ""MultiPoint"", ""coordinates"": [[172.656922849235, -43.5719928791371]]}",Huntsbury,Huntsbury Reserve,190
5b418df73d88413b6ca9db1d,"{""type"": ""MultiPoint"", ""coordinates"": [[172.58472248172, -43.5108048784059]]}",Fendalton,Cobham Intermediate School,194
5b418df73d88413b6ca9db23,"{""type"": ""MultiPoint"", ""coordinates"": [[172.65645251965898, -43.55219005303629]]}",Opawa,Acorn Reserve,2
5b418df73d88413b6ca9db2c,"{""type"": ""MultiPoint"", ""coordinates"": [[172.619529084287, -43.569286022959794]]}",Spreydon,Ashgrove House Rest Home,2011
5b418df73d88413b6ca9db31,"{""type"": ""MultiPoint"", ""coordinates"": [[172.631038243085, -43.521244644859]]}",Central City,Lyndhurst Hospital,2016
5b418df73d88413b6ca9db22,"{""type"": ""MultiPoint"", ""coordinates"": [[172.556262897139, -43.528256620927]]}",Upper Riccarton,Iona Reserve,199
5b418df73d88413b6ca9db33,"{""type"": ""MultiPoint"", ""coordinates"": [[172.631667436955, -43.5489611255421]]}",Sydenham,Nazareth House Hospital & Rest Home,2018
5b418df73d88413b6ca9db40,"{""type"": ""MultiPoint"", ""coordinates"": [[172.606537013245, -43.5461088279199]]}",Addington,Villa Gardens Hospital & Rest Home,2043
5b418df73d88413b6ca9db30,"{""type"": ""MultiPoint"", ""coordinates"": [[172.59129293660197, -43.5481586331243]]}",Addington,Hillmorton Hospital,2015
5b418df73d88413b6ca9db45,"{""type"": ""MultiPoint"", ""coordinates"": [[172.76499127782196, -43.57567938488089]]}",Sumner,Edith Cavell Hospital & Rest Home,2055
5b418df73d88413b6ca9db39,"{""type"": ""MultiPoint"", ""coordinates"": [[172.667311240234, -43.5068746041893]]}",Shirley,Windsor House Hospital & Rest Home,2036
5b418df73d88413b6ca9db3c,"{""type"": ""MultiPoint"", ""coordinates"": [[172.675058598572, -43.4091488816564]]}",Brooklands,Chaneys Plantation,204
5b418df73d88413b6ca9db5e,"{""type"": ""MultiPoint"", ""coordinates"": [[172.641987213719, -43.500847809666496]]}",St Albans,Mairehau Public Library,212
5b418df73d88413b6ca9db61,"{""type"": ""MultiPoint"", ""coordinates"": [[173.042795321879, -43.7089804043091]]}",Okains Bay,Okains Bay School,2129
5b418df73d88413b6ca9db44,"{""type"": ""MultiPoint"", ""coordinates"": [[172.66883579424297, -43.5392949251675]]}",Linwood,St Clive's Rest Home,2054
5b418df83d88413b6ca9db7a,"{""type"": ""MultiPoint"", ""coordinates"": [[172.629572480012, -43.5034846213507]]}",St Albans,Knowles Plantation,221
5b418df73d88413b6ca9db46,"{""type"": ""MultiPoint"", ""coordinates"": [[172.658254580195, -43.527641010477]]}",Linwood,Fitzgerald House Hospital & Rest Home,2056
5b418df83d88413b6ca9db91,"{""type"": ""MultiPoint"", ""coordinates"": [[172.637913485841, -43.5350052694449]]}",Central City,Millers Department Store,2376
5b418df73d88413b6ca9db4a,"{""type"": ""MultiPoint"", ""coordinates"": [[172.608014639546, -43.5716301570944]]}",Hoon Hay,Kaiwara Reserve,206
5b418df83d88413b6ca9dbac,"{""type"": ""MultiPoint"", ""coordinates"": [[172.710778219313, -43.5572643983302]]}",Ferrymead,Scott Park Ferrymead,242
5b418df73d88413b6ca9db4d,"{""type"": ""MultiPoint"", ""coordinates"": [[172.61381970037, -43.566178295942294]]}",Spreydon,Pioneer Recreation and Sport Centre,2063
5b418df83d88413b6ca9dbdf,"{""type"": ""MultiPoint"", ""coordinates"": [[172.653127150328, -43.5557345508983]]}",St Martins,St Martins Christian School,2533
5b418df73d88413b6ca9db74,"{""type"": ""MultiPoint"", ""coordinates"": [[172.532009925131, -43.5278289554001]]}",Broomfield,Arcon Stream Reserve,218
5b418df83d88413b6ca9dbe1,"{""type"": ""MultiPoint"", ""coordinates"": [[172.673950834176, -43.5791819004176]]}",Hillsborough,Rapaki Track,2536
5b418df83d88413b6ca9db8e,"{""type"": ""MultiPoint"", ""coordinates"": [[172.61380679636596, -43.5662484912096]]}",Spreydon,Pioneer Stadium,236
5b418df83d88413b6ca9dbf0,"{""type"": ""MultiPoint"", ""coordinates"": [[172.655556091092, -43.4608913482817]]}",Ouruhia,Kaputone Confluence Conservation Park,2550
5b418df83d88413b6ca9dbc5,"{""type"": ""MultiPoint"", ""coordinates"": [[172.664976073336, -43.4493093366088]]}",Ouruhia,Styx Loop Conservation Park,2466
5b418df83d88413b6ca9dbf7,"{""type"": ""MultiPoint"", ""coordinates"": [[172.639256828328, -43.517219548121595]]}",St Albans,former Nova Educational Community School,256
5b418df83d88413b6ca9dbc6,"{""type"": ""MultiPoint"", ""coordinates"": [[172.750530922574, -43.5630318076874]]}",Clifton,Shag Rock,2467
5b418df83d88413b6ca9dbe8,"{""type"": ""MultiPoint"", ""coordinates"": [[172.69203068165, -43.4030786522959]]}",Brooklands,Lower Styx River Conservation Reserve,2543
5b418df83d88413b6ca9dc05,"{""type"": ""MultiPoint"", ""coordinates"": [[172.963903471272, -43.8136424051694]]}",Akaroa,Hutchenson Reserve,2580
5b418df83d88413b6ca9dbf2,"{""type"": ""MultiPoint"", ""coordinates"": [[172.636968716103, -43.4971674116434]]}",Mairehau,Dudley Creek Waterway,2552
5b418df83d88413b6ca9dbf3,"{""type"": ""MultiPoint"", ""coordinates"": [[172.502411632267, -43.5102013963598]]}",Yaldhurst,Yaldhurst School,2554
5b418df83d88413b6ca9dbf9,"{""type"": ""MultiPoint"", ""coordinates"": [[172.556567219368, -43.5203591947208]]}",Avonhead,Staveley Reserve,2567
5b418df83d88413b6ca9dc0c,"{""type"": ""MultiPoint"", ""coordinates"": [[172.965927315991, -43.8072523091398]]}",Akaroa,Akaroa Beach,2587
5b418df83d88413b6ca9dc10,"{""type"": ""MultiPoint"", ""coordinates"": [[172.965809099738, -43.80493969218009]]}",Akaroa,Rue Balguerie Reserve,2590
5b418df83d88413b6ca9dc19,"{""type"": ""MultiPoint"", ""coordinates"": [[172.99657991972, -43.7986346085989]]}",Akaroa,Akaroa Heritage Park,2599
5b418df83d88413b6ca9dc0f,"{""type"": ""MultiPoint"", ""coordinates"": [[172.663124772631, -43.50513224010239]]}",Shirley,Shirley Service Centre,259
5b418df83d88413b6ca9dc42,"{""type"": ""MultiPoint"", ""coordinates"": [[172.692098317019, -43.7333743423675]]}",Motukarara,Kaituna Valley Streamside,2636
5b418df83d88413b6ca9dc47,"{""type"": ""MultiPoint"", ""coordinates"": [[172.806617276889, -43.7586484337554]]}",Little River,Little River Cemetery,2640
5b418df83d88413b6ca9dc15,"{""type"": ""MultiPoint"", ""coordinates"": [[172.968695845777, -43.80157561880619]]}",Akaroa,Akaroa Recreation Ground,2595
5b418df83d88413b6ca9dc13,"{""type"": ""MultiPoint"", ""coordinates"": [[172.967574217714, -43.80302027076959]]}",Akaroa,Akaroa Bowling Green,2593
5b418df83d88413b6ca9dc24,"{""type"": ""MultiPoint"", ""coordinates"": [[172.942392635391, -43.7597517960977]]}",Duvauchelle,Bayview Reserve,2608
5b418df83d88413b6ca9dc16,"{""type"": ""MultiPoint"", ""coordinates"": [[172.96894959661498, -43.800006545104594]]}",Akaroa,Jubilee Park,2596
5b418df83d88413b6ca9dc17,"{""type"": ""MultiPoint"", ""coordinates"": [[172.97156773925497, -43.8008785141506]]}",Akaroa,Wackerle Green,2597
5b418df83d88413b6ca9dc23,"{""type"": ""MultiPoint"", ""coordinates"": [[172.942069954537, -43.7535231962059]]}",Duvauchelle,Duvauchelle Domain Esplanade Strip,2607
5b418df83d88413b6ca9dc39,"{""type"": ""MultiPoint"", ""coordinates"": [[172.70757486711497, -43.8257488309526]]}",Birdlings Flat,Birdlings Flat Reserve,2628
5b418df83d88413b6ca9dc3d,"{""type"": ""MultiPoint"", ""coordinates"": [[172.656810270815, -43.7812572555137]]}",Motukarara,Kaituna Baches,2631
5b418df83d88413b6ca9dc0b,"{""type"": ""MultiPoint"", ""coordinates"": [[172.961172763373, -43.8094748414131]]}",Akaroa,Britomart Reserve,2586
5b418df83d88413b6ca9dc43,"{""type"": ""MultiPoint"", ""coordinates"": [[172.79521540877, -43.7650606923456]]}",Little River,Awa-iti Domain,2637
5b418df83d88413b6ca9dc14,"{""type"": ""MultiPoint"", ""coordinates"": [[172.967995187156, -43.80109024038]]}",Akaroa,Akaroa Boat Park,2594
5b418df83d88413b6ca9dc25,"{""type"": ""MultiPoint"", ""coordinates"": [[172.945450214583, -43.758582306931494]]}",Duvauchelle,Duvauchelle Reserve,2609
5b418df83d88413b6ca9dc34,"{""type"": ""MultiPoint"", ""coordinates"": [[173.094889145186, -43.7432542815507]]}",Le Bons Bay,Le Bons Bay Domain,2623
5b418df83d88413b6ca9dc09,"{""type"": ""MultiPoint"", ""coordinates"": [[172.96657555610398, -43.8095939947604]]}",Akaroa,Stanley Park,2584
5b418df83d88413b6ca9dc1c,"{""type"": ""MultiPoint"", ""coordinates"": [[172.97257146407497, -43.7820104294146]]}",Akaroa,Takamatua Stream Esplanade Reserve,2600
5b418df83d88413b6ca9dc20,"{""type"": ""MultiPoint"", ""coordinates"": [[172.949983428939, -43.7853743083801]]}",Akaroa,Kotare Reserve,2604
5b418df83d88413b6ca9dc22,"{""type"": ""MultiPoint"", ""coordinates"": [[172.94337105509697, -43.7540839827511]]}",Duvauchelle,Duvauchelle Reserve and Campground,2606
5b418df83d88413b6ca9dc30,"{""type"": ""MultiPoint"", ""coordinates"": [[172.593899814078, -43.56251559268569]]}",Hoon Hay,Hoon Hay Park,262
5b418df83d88413b6ca9dc33,"{""type"": ""MultiPoint"", ""coordinates"": [[173.089978852336, -43.74944403547979]]}",Le Bons Bay,Le Bons Bay Cemetery,2622
5b418df83d88413b6ca9dc37,"{""type"": ""MultiPoint"", ""coordinates"": [[173.035922851995, -43.7129027862459]]}",Okains Bay,Okains Bay Esplanade Reserve,2626
5b418df83d88413b6ca9dc38,"{""type"": ""MultiPoint"", ""coordinates"": [[172.590872189282, -43.8118922651427]]}",Birdlings Flat,Kaitorete Spit Reserve,2627
5b418df83d88413b6ca9dc3f,"{""type"": ""MultiPoint"", ""coordinates"": [[172.648891515921, -43.7742574112806]]}",Motukarara,Kaituna Reserve,2633
5b418df83d88413b6ca9dc48,"{""type"": ""MultiPoint"", ""coordinates"": [[172.80676017778796, -43.7602909909099]]}",Little River,Little River Esplanade Reserve,2641
5b418df83d88413b6ca9dc1e,"{""type"": ""MultiPoint"", ""coordinates"": [[172.967188998959, -43.7821828470098]]}",Akaroa,Takamatua Foreshore,2602
5b418df83d88413b6ca9dc29,"{""type"": ""MultiPoint"", ""coordinates"": [[172.949256821731, -43.759909604627595]]}",Duvauchelle,Currie & Gutry Park,2612
5b418df83d88413b6ca9dc44,"{""type"": ""MultiPoint"", ""coordinates"": [[172.796589948676, -43.7626348156197]]}",Little River,Western Valley Streamside Esplanade,2638
5b418df83d88413b6ca9dc26,"{""type"": ""MultiPoint"", ""coordinates"": [[172.517601777269, -43.5348877665189]]}",Hei Hei,Matangi Reserve,261
5b418df83d88413b6ca9dc11,"{""type"": ""MultiPoint"", ""coordinates"": [[172.97128607103298, -43.8059652681642]]}",Akaroa,Settlers Hill Walkway,2591
5b418df83d88413b6ca9dc1d,"{""type"": ""MultiPoint"", ""coordinates"": [[172.967898623961, -43.7819067224439]]}",Akaroa,Takamatua Domain,2601
5b418df83d88413b6ca9dc2d,"{""type"": ""MultiPoint"", ""coordinates"": [[172.908423171152, -43.8121831210166]]}",Wainui,Wainui Main Road Reserve,2617
5b418df83d88413b6ca9dc36,"{""type"": ""MultiPoint"", ""coordinates"": [[173.04908145657598, -43.7058612539538]]}",Okains Bay,Okains Bay Reserve,2625
5b418df83d88413b6ca9dc2a,"{""type"": ""MultiPoint"", ""coordinates"": [[172.959878240954, -43.7602984518824]]}",Duvauchelle,Robinsons Bay Reserve,2613
5b418df83d88413b6ca9dc2c,"{""type"": ""MultiPoint"", ""coordinates"": [[172.904377991408, -43.8084137217469]]}",Wainui,Wainui Cemetery,2616
5b418df83d88413b6ca9dc31,"{""type"": ""MultiPoint"", ""coordinates"": [[172.90388198423398, -43.8183277105545]]}",Wainui,Wainui Boat Ramp,2620
5b418df83d88413b6ca9dc3c,"{""type"": ""MultiPoint"", ""coordinates"": [[172.709940809286, -43.8208931589641]]}",Birdlings Flat,Birdlings Flat Esplanade Reserve,2630
5b418df83d88413b6ca9dc0d,"{""type"": ""MultiPoint"", ""coordinates"": [[172.966478206615, -43.8056400669584]]}",Akaroa,Cenotaph War Memorial,2588
5b418df83d88413b6ca9dc12,"{""type"": ""MultiPoint"", ""coordinates"": [[172.971453770998, -43.8034860578231]]}",Akaroa,L'Aube Hill Reserve,2592
5b418df83d88413b6ca9dc0e,"{""type"": ""MultiPoint"", ""coordinates"": [[172.966106716292, -43.8052311803371]]}",Akaroa,Rue Balguerie Playground,2589
5b418df83d88413b6ca9dc1a,"{""type"": ""MultiPoint"", ""coordinates"": [[172.739934347138, -43.5610789938962]]}",Redcliffs,Beachville Reserve,26
5b418df83d88413b6ca9dc1b,"{""type"": ""MultiPoint"", ""coordinates"": [[172.663037210743, -43.5051359118413]]}",Shirley,Shirley Library,260
5b418df83d88413b6ca9dc1f,"{""type"": ""MultiPoint"", ""coordinates"": [[172.952496090722, -43.78592317411529]]}",Akaroa,Kingfisher Reserve,2603
5b418df83d88413b6ca9dc21,"{""type"": ""MultiPoint"", ""coordinates"": [[172.92901892038796, -43.7480004235422]]}",Duvauchelle,Duvauchelle Showgrounds,2605
5b418df83d88413b6ca9dc28,"{""type"": ""MultiPoint"", ""coordinates"": [[172.944249071671, -43.7633663214898]]}",Duvauchelle,Robinsons Bay Regional Park,2611
5b418df83d88413b6ca9dc2f,"{""type"": ""MultiPoint"", ""coordinates"": [[172.901810181119, -43.8169895106678]]}",Wainui,Wainui Domain,2619
5b418df83d88413b6ca9dc3b,"{""type"": ""MultiPoint"", ""coordinates"": [[172.728598643497, -43.5580364169549]]}",McCormacks Bay,McCormacks Bay,263
5b418df83d88413b6ca9dc27,"{""type"": ""MultiPoint"", ""coordinates"": [[172.947378969377, -43.7591643559785]]}",Duvauchelle,Duvauchelle Cemetery,2610
5b418df83d88413b6ca9dc40,"{""type"": ""MultiPoint"", ""coordinates"": [[172.656741619482, -43.7662414034069]]}",Motukarara,Kaituna River Esplanade,2634
5b418df83d88413b6ca9dc2b,"{""type"": ""MultiPoint"", ""coordinates"": [[172.906919833231, -43.7801144870256]]}",Wainui,French Farm Reserve,2614
5b418df83d88413b6ca9dc41,"{""type"": ""MultiPoint"", ""coordinates"": [[172.688251958379, -43.7508531365053]]}",Motukarara,Kaituna Cemetery,2635
5b418df83d88413b6ca9dc0a,"{""type"": ""MultiPoint"", ""coordinates"": [[172.96430888676397, -43.80900356363199]]}",Akaroa,Walnut Place Reserve,2585
5b418df83d88413b6ca9dc3a,"{""type"": ""MultiPoint"", ""coordinates"": [[172.70877726315, -43.8241255608153]]}",Birdlings Flat,Wairewa Esplanade Reserve,2629
5b418df83d88413b6ca9dc18,"{""type"": ""MultiPoint"", ""coordinates"": [[172.980470329814, -43.8014629976242]]}",Akaroa,Grehan Stream Esplanade Reserve,2598
5b418df83d88413b6ca9dc2e,"{""type"": ""MultiPoint"", ""coordinates"": [[172.903677146273, -43.8155912560055]]}",Wainui,Wainui Esplanade Reserve,2618
5b418df83d88413b6ca9dc32,"{""type"": ""MultiPoint"", ""coordinates"": [[173.064672490824, -43.762672866733794]]}",Le Bons Bay,Le Bons Bay Esplanade,2621
5b418df83d88413b6ca9dc35,"{""type"": ""MultiPoint"", ""coordinates"": [[173.047601594802, -43.7061029470603]]}",Okains Bay,Okains Bay Cemetery,2624
5b418df83d88413b6ca9dc3e,"{""type"": ""MultiPoint"", ""coordinates"": [[172.650349771507, -43.773534517962894]]}",Motukarara,Ataahua Domain,2632
5b418df83d88413b6ca9dc46,"{""type"": ""MultiPoint"", ""coordinates"": [[172.698728386032, -43.5166566230656]]}",Wainoni,McHaffies Reserve,264
5b418df83d88413b6ca9dc45,"{""type"": ""MultiPoint"", ""coordinates"": [[172.808671905353, -43.7603308566658]]}",Little River,Little River Education House,2639
5b418df83d88413b6ca9dc49,"{""type"": ""MultiPoint"", ""coordinates"": [[172.83204698617297, -43.7290505179765]]}",Little River,Whites Streamside Strip,2642
5b418df83d88413b6ca9dc67,"{""type"": ""MultiPoint"", ""coordinates"": [[172.583054059331, -43.51248457175319]]}",Fendalton,Burnside Primary School,267
5b418df83d88413b6ca9dc6d,"{""type"": ""MultiPoint"", ""coordinates"": [[172.613657672297, -43.6522078178575]]}",Tai Tapu,Otahuna Reserve,2675
5b418df83d88413b6ca9dc6f,"{""type"": ""MultiPoint"", ""coordinates"": [[172.62083966617, -43.6377256731305]]}",Lansdowne,Cass Peak,2677
5b418df83d88413b6ca9dc72,"{""type"": ""MultiPoint"", ""coordinates"": [[172.650968424526, -43.6416168034757]]}",Governors Bay,Allandale Domain,2680
5b418df83d88413b6ca9dc74,"{""type"": ""MultiPoint"", ""coordinates"": [[172.65274361297497, -43.6248543323071]]}",Governors Bay,Governors Bay Jetty,2682
5b418df83d88413b6ca9dc89,"{""type"": ""MultiPoint"", ""coordinates"": [[172.716114688, -43.6031963823828]]}",Lyttelton,Lyttelton War Memorial,2700
5b418df83d88413b6ca9dc7c,"{""type"": ""MultiPoint"", ""coordinates"": [[172.621816269305, -43.5172351256978]]}",Merivale,Ferndale School,269
5b418df83d88413b6ca9dc8b,"{""type"": ""MultiPoint"", ""coordinates"": [[172.723164930203, -43.6033759796104]]}",Lyttelton,Formal Gardens,2702
5b418df83d88413b6ca9dc8c,"{""type"": ""MultiPoint"", ""coordinates"": [[172.725793450092, -43.60189609903169]]}",Lyttelton,Lyttelton Cemetery,2703
5b418df93d88413b6ca9dc9f,"{""type"": ""MultiPoint"", ""coordinates"": [[172.719360619368, -43.5423919145284]]}",Bromley,Avon and Heathcote Estuary,2720
5b418df93d88413b6ca9dca0,"{""type"": ""MultiPoint"", ""coordinates"": [[172.732896635685, -43.5667717148747]]}",Moncks Spur,Augusta Reserve,2721
5b418df83d88413b6ca9dc8e,"{""type"": ""MultiPoint"", ""coordinates"": [[172.729586461849, -43.6034900900663]]}",Lyttelton,Urumau Reserve,2705
5b418df93d88413b6ca9dcad,"{""type"": ""MultiPoint"", ""coordinates"": [[172.703824974331, -43.5739074946497]]}",Heathcote,Bridle Path Stream Reserve,2734
5b418df93d88413b6ca9dcb0,"{""type"": ""MultiPoint"", ""coordinates"": [[172.67842613796796, -43.5658852409742]]}",Hillsborough,Nuttall Reserve,2737
5b418df83d88413b6ca9dc92,"{""type"": ""MultiPoint"", ""coordinates"": [[172.724055467781, -43.5759055448645]]}",Mt Pleasant,Ridgeview Reserve,2709
5b418df93d88413b6ca9dcc9,"{""type"": ""MultiPoint"", ""coordinates"": [[172.564282321385, -43.5208705262838]]}",Avonhead,Montclare Reserve,276
5b418df83d88413b6ca9dc95,"{""type"": ""MultiPoint"", ""coordinates"": [[172.764175691971, -43.592899985543795]]}",Scarborough,Scarborough Hill Reserve,2711
5b418df83d88413b6ca9dc9d,"{""type"": ""MultiPoint"", ""coordinates"": [[172.768590248367, -43.5764737018741]]}",Scarborough,Sea Spray Reserve,2719
5b418df93d88413b6ca9dcd2,"{""type"": ""MultiPoint"", ""coordinates"": [[172.575290632479, -43.4815002581617]]}",Bishopdale,Styx River Reserve,2768
5b418df93d88413b6ca9dca1,"{""type"": ""MultiPoint"", ""coordinates"": [[172.731145791702, -43.56709358983159]]}",Moncks Spur,Rapanui Reserve,2722
5b418df93d88413b6ca9dcd4,"{""type"": ""MultiPoint"", ""coordinates"": [[172.705008378504, -43.4738473142097]]}",Parklands,Monterey Reserve,277
5b418df93d88413b6ca9dcef,"{""type"": ""MultiPoint"", ""coordinates"": [[172.680178281879, -43.4780171758071]]}",Burwood,Rothesay Reserve,2797
5b418df93d88413b6ca9dca8,"{""type"": ""MultiPoint"", ""coordinates"": [[172.633018381116, -43.552463039237]]}",Sydenham,Bradford Park,273
5b418df93d88413b6ca9dcd5,"{""type"": ""MultiPoint"", ""coordinates"": [[172.57687069881, -43.4792000328748]]}",Bishopdale,Styx River Reserve,2770
5b418df93d88413b6ca9dcf0,"{""type"": ""MultiPoint"", ""coordinates"": [[172.681176247609, -43.4768497395306]]}",Burwood,Rothesay Reserve,2798
5b418df93d88413b6ca9dcd7,"{""type"": ""MultiPoint"", ""coordinates"": [[172.69954966641, -43.4178897901897]]}",Spencerville,Seafield Park,2775
5b418df93d88413b6ca9dcfc,"{""type"": ""MultiPoint"", ""coordinates"": [[172.708444422688, -43.4779348959224]]}",Queenspark,Lamorna Reserve,2808
5b418df93d88413b6ca9dcdb,"{""type"": ""MultiPoint"", ""coordinates"": [[172.711765336814, -43.40989294741]]}",Brooklands,Brooklands Spit,2779
5b418df93d88413b6ca9dce9,"{""type"": ""MultiPoint"", ""coordinates"": [[172.605986004159, -43.4779467989501]]}",Casebrook,Grampian Reserve,2791
5b418df83d88413b6ca9dc50,"{""type"": ""MultiPoint"", ""coordinates"": [[172.98372421290497, -43.6774301997547]]}",Okains Bay,Little Akaloa Streamside Reserve,2649
5b418df83d88413b6ca9dc58,"{""type"": ""MultiPoint"", ""coordinates"": [[172.785296195908, -43.6207444788783]]}",Diamond Harbour,Camp Bay Cemetery,2656
5b418df83d88413b6ca9dc57,"{""type"": ""MultiPoint"", ""coordinates"": [[172.801788533312, -43.6714927558485]]}",Port Levy,Port Levy Recreation Reserve,2655
5b418df83d88413b6ca9dc59,"{""type"": ""MultiPoint"", ""coordinates"": [[172.780497256153, -43.6225345356997]]}",Diamond Harbour,Camp Bay Foreshore,2657
5b418df83d88413b6ca9dc5c,"{""type"": ""MultiPoint"", ""coordinates"": [[172.558066130511, -43.4990341328021]]}",Avonhead,Avice Hill Reserve,266
5b418df83d88413b6ca9dc61,"{""type"": ""MultiPoint"", ""coordinates"": [[172.739889368186, -43.6307011625092]]}",Diamond Harbour,Kirk Park,2664
5b418df83d88413b6ca9dc62,"{""type"": ""MultiPoint"", ""coordinates"": [[172.726709237053, -43.6280816791887]]}",Diamond Harbour,Laurenson Park,2665
5b418df83d88413b6ca9dc6a,"{""type"": ""MultiPoint"", ""coordinates"": [[172.709714345673, -43.6477995353053]]}",Diamond Harbour,Diamond Harbour Plantation Reserve,2672
5b418df83d88413b6ca9dc6c,"{""type"": ""MultiPoint"", ""coordinates"": [[172.62256315373, -43.6597387960116]]}",Tai Tapu,Coopers Knob,2674
5b418df83d88413b6ca9dc81,"{""type"": ""MultiPoint"", ""coordinates"": [[172.697625364296, -43.6081831049891]]}",Lyttelton,Corsair Bay Reserve,2694
5b418df93d88413b6ca9dca3,"{""type"": ""MultiPoint"", ""coordinates"": [[172.728567511117, -43.5613468880779]]}",Balmoral Hill,Glenstrae Road Reserve,2724
5b418df93d88413b6ca9dcba,"{""type"": ""MultiPoint"", ""coordinates"": [[172.655256577601, -43.4537165153198]]}",Ouruhia,Kaputone Esplanade Reserve,2746
5b418df93d88413b6ca9dcbf,"{""type"": ""MultiPoint"", ""coordinates"": [[172.616622590081, -43.4588246129399]]}",Belfast,Mounter Reserve,2750
5b418df93d88413b6ca9dccd,"{""type"": ""MultiPoint"", ""coordinates"": [[172.692836850114, -43.4221069900022]]}",Spencerville,Styx Riverbank Reserve,2763
5b418df93d88413b6ca9dcf5,"{""type"": ""MultiPoint"", ""coordinates"": [[172.684471757204, -43.4774131548142]]}",Burwood,Pohutukawa Reserve,2801
5b418df93d88413b6ca9dcfa,"{""type"": ""MultiPoint"", ""coordinates"": [[172.690804230839, -43.4793814399521]]}",Burwood,Putake Reserve,2806
5b418df83d88413b6ca9dc64,"{""type"": ""MultiPoint"", ""coordinates"": [[172.72068519896797, -43.6317075287797]]}",Diamond Harbour,Church Bay Foreshore,2667
5b418df83d88413b6ca9dc75,"{""type"": ""MultiPoint"", ""coordinates"": [[172.650925242695, -43.6242153723287]]}",Governors Bay,Governors Bay Scenic Reserve,2683
5b418df83d88413b6ca9dc76,"{""type"": ""MultiPoint"", ""coordinates"": [[172.649069511034, -43.623355494740196]]}",Governors Bay,Governors Bay Community Centre and Pool,2684
5b418df83d88413b6ca9dc96,"{""type"": ""MultiPoint"", ""coordinates"": [[172.789009828889, -43.5860194767238]]}",Scarborough,Godley Beach Park,2712
5b418df93d88413b6ca9dca6,"{""type"": ""MultiPoint"", ""coordinates"": [[172.719190571612, -43.562550121295]]}",Mt Pleasant,Cresswell Reserve,2727
5b418df93d88413b6ca9dcab,"{""type"": ""MultiPoint"", ""coordinates"": [[172.7030245267, -43.5758387770654]]}",Heathcote,Martindales Reserve No. 2,2732
5b418df93d88413b6ca9dcb5,"{""type"": ""MultiPoint"", ""coordinates"": [[172.652762645163, -43.5752558481557]]}",Huntsbury,Pennine Reserve,2741
5b418df93d88413b6ca9dcbe,"{""type"": ""MultiPoint"", ""coordinates"": [[172.617445329685, -43.4812937283142]]}",Redwood,Momorangi Reserve,275
5b418df93d88413b6ca9dcd3,"{""type"": ""MultiPoint"", ""coordinates"": [[172.576738790864, -43.4803553960766]]}",Bishopdale,Styx River Reserve,2769
5b418df93d88413b6ca9dce1,"{""type"": ""MultiPoint"", ""coordinates"": [[172.719214781001, -43.4705082925665]]}",Burwood,Waimairi Beach Park,2784
5b418df83d88413b6ca9dc55,"{""type"": ""MultiPoint"", ""coordinates"": [[173.015999315931, -43.6746047269633]]}",Okains Bay,Okains Bay War Memorial,2653
5b418df83d88413b6ca9dc5e,"{""type"": ""MultiPoint"", ""coordinates"": [[172.742183947195, -43.6305574449152]]}",Diamond Harbour,Rawhiti Street Reserve,2661
5b418df83d88413b6ca9dc60,"{""type"": ""MultiPoint"", ""coordinates"": [[172.740716145837, -43.6330906853215]]}",Diamond Harbour,Rawhiti Street Park,2663
5b418df83d88413b6ca9dc69,"{""type"": ""MultiPoint"", ""coordinates"": [[172.711111202517, -43.6455344015024]]}",Diamond Harbour,Andersons Reserve,2671
5b418df83d88413b6ca9dc97,"{""type"": ""MultiPoint"", ""coordinates"": [[172.805131133484, -43.7873864201481]]}",Little River,Okuti Esplanade Reserve,2713
5b418df93d88413b6ca9dca2,"{""type"": ""MultiPoint"", ""coordinates"": [[172.73013524184, -43.5648772479862]]}",Balmoral Hill,Glenstrae Reserve,2723
5b418df93d88413b6ca9dccb,"{""type"": ""MultiPoint"", ""coordinates"": [[172.692353802033, -43.4100696700343]]}",Brooklands,Styx River Boating Reserve,2761
5b418df93d88413b6ca9dccf,"{""type"": ""MultiPoint"", ""coordinates"": [[172.663686590999, -43.4556159706596]]}",Ouruhia,Styx River Reserve Living Laboratory,2765
5b418df83d88413b6ca9dc4e,"{""type"": ""MultiPoint"", ""coordinates"": [[172.90094073951, -43.6831153459835]]}",Pigeon Bay,Pigeon Bay Campground,2647
5b418df83d88413b6ca9dc68,"{""type"": ""MultiPoint"", ""coordinates"": [[172.709330474934, -43.6456576957274]]}",Diamond Harbour,Charteris Bay Boat Ramp,2670
5b418df83d88413b6ca9dc78,"{""type"": ""MultiPoint"", ""coordinates"": [[172.655666732153, -43.6194787034037]]}",Lyttelton,Sandy Beach Road Reserve,2686
5b418df93d88413b6ca9dcde,"{""type"": ""MultiPoint"", ""coordinates"": [[172.71296088149998, -43.4315147828378]]}",Spencerville,Spencer Park Beach,2781
5b418df93d88413b6ca9dcf7,"{""type"": ""MultiPoint"", ""coordinates"": [[172.688484365392, -43.4756672852277]]}",Burwood,Titirangi Reserve,2803
5b418df93d88413b6ca9dcf8,"{""type"": ""MultiPoint"", ""coordinates"": [[172.689825903382, -43.4747936457609]]}",Burwood,Titirangi Reserve,2804
5b418df93d88413b6ca9dcf9,"{""type"": ""MultiPoint"", ""coordinates"": [[172.689482540779, -43.477708046772]]}",Burwood,Putake Reserve,2805
5b418df93d88413b6ca9dcfe,"{""type"": ""MultiPoint"", ""coordinates"": [[172.58235483406196, -43.4791642457761]]}",Bishopdale,Natalie Reserve,281
5b418df83d88413b6ca9dc70,"{""type"": ""MultiPoint"", ""coordinates"": [[172.621888453876, -43.6366756278284]]}",Lansdowne,Cass Peak,2678
5b418df83d88413b6ca9dc7a,"{""type"": ""MultiPoint"", ""coordinates"": [[172.65059182451, -43.6156648995337]]}",Governors Bay,Reuter Park,2688
5b418df93d88413b6ca9dcaf,"{""type"": ""MultiPoint"", ""coordinates"": [[172.701500839643, -43.5724323286122]]}",Heathcote,Laing Reserve,2736
5b418df93d88413b6ca9dcb9,"{""type"": ""MultiPoint"", ""coordinates"": [[172.610939559592, -43.4538985156108]]}",Belfast,Rindle Reserve,2745
5b418df93d88413b6ca9dcf1,"{""type"": ""MultiPoint"", ""coordinates"": [[172.684370964847, -43.4760914907039]]}",Burwood,Rothesay Reserve,2799
5b418df83d88413b6ca9dc4c,"{""type"": ""MultiPoint"", ""coordinates"": [[172.897810784232, -43.719298354237694]]}",Pigeon Bay,Pettigrews Reserve,2645
5b418df83d88413b6ca9dc63,"{""type"": ""MultiPoint"", ""coordinates"": [[172.720510044584, -43.6276768239054]]}",Diamond Harbour,James Drive Reserve,2666
5b418df83d88413b6ca9dc83,"{""type"": ""MultiPoint"", ""coordinates"": [[172.706068806129, -43.60771613120549]]}",Lyttelton,Park Terrace Reserve,2696
5b418df83d88413b6ca9dc85,"{""type"": ""MultiPoint"", ""coordinates"": [[172.70906964181998, -43.6044464063831]]}",Lyttelton,Cressy Terrace Tennis Courts,2698
5b418df83d88413b6ca9dc87,"{""type"": ""MultiPoint"", ""coordinates"": [[172.737067323436, -43.556347915766]]}",Redcliffs,Avonheath Courts,27
5b418df83d88413b6ca9dc8f,"{""type"": ""MultiPoint"", ""coordinates"": [[172.70357604619596, -43.5968032876502]]}",Lyttelton,Whakaraupo Reserve,2706
5b418df93d88413b6ca9dcae,"{""type"": ""MultiPoint"", ""coordinates"": [[172.702615189324, -43.5730089429196]]}",Heathcote,Bridle Path Stream Reserve,2735
5b418df93d88413b6ca9dcb2,"{""type"": ""MultiPoint"", ""coordinates"": [[172.703390153173, -43.5505875348888]]}",Bromley,Windsurf Reserve,2739
5b418df93d88413b6ca9dcb7,"{""type"": ""MultiPoint"", ""coordinates"": [[172.630092631989, -43.428975833524]]}",Belfast,Dickeys Reserve,2743
5b418df93d88413b6ca9dcbb,"{""type"": ""MultiPoint"", ""coordinates"": [[172.612177219058, -43.4537810845774]]}",Belfast,Kaputone Headwaters Reserve,2747
5b418df93d88413b6ca9dcc4,"{""type"": ""MultiPoint"", ""coordinates"": [[172.620836149525, -43.4622572436467]]}",Belfast,O'Neill Reserve,2755
5b418df93d88413b6ca9dceb,"{""type"": ""MultiPoint"", ""coordinates"": [[172.679392574539, -43.4682160979845]]}",Burwood,Waitikiri Reserve,2793
5b418df83d88413b6ca9dc8d,"{""type"": ""MultiPoint"", ""coordinates"": [[172.723551118345, -43.5987738251473]]}",Lyttelton,Lyttelton Anglican Cemetery,2704
5b418df93d88413b6ca9dca7,"{""type"": ""MultiPoint"", ""coordinates"": [[172.715014492708, -43.5559251245406]]}",St Andrews Hill,The Brae,2728
5b418df93d88413b6ca9dcc5,"{""type"": ""MultiPoint"", ""coordinates"": [[172.608885799887, -43.459623280464]]}",Belfast,Styx Mill Country Club Reserve,2756
5b418df93d88413b6ca9dced,"{""type"": ""MultiPoint"", ""coordinates"": [[172.679884740791, -43.47260923805699]]}",Burwood,Bottle Lake Forest,2795
5b418df93d88413b6ca9dcee,"{""type"": ""MultiPoint"", ""coordinates"": [[172.67993851255298, -43.476493801914]]}",Burwood,Reka Reserve,2796
5b418df83d88413b6ca9dc51,"{""type"": ""MultiPoint"", ""coordinates"": [[172.663056307424, -43.5146979586703]]}",Richmond,Richmond Park,265
5b418df83d88413b6ca9dc4a,"{""type"": ""MultiPoint"", ""coordinates"": [[172.89696794354, -43.7207475634293]]}",Pigeon Bay,Kukupa Reserve,2643
5b418df83d88413b6ca9dc52,"{""type"": ""MultiPoint"", ""coordinates"": [[172.989337940903, -43.6755936781803]]}",Okains Bay,Little Akaloa Domain,2650
5b418df83d88413b6ca9dc5d,"{""type"": ""MultiPoint"", ""coordinates"": [[172.75154587607597, -43.637941692168]]}",Diamond Harbour,Purau Foreshore,2660
5b418df83d88413b6ca9dc65,"{""type"": ""MultiPoint"", ""coordinates"": [[172.71813446839397, -43.6346931351806]]}",Diamond Harbour,Marine Drive Reserve,2668
5b418df83d88413b6ca9dc71,"{""type"": ""MultiPoint"", ""coordinates"": [[172.599115145327, -43.476456203399295]]}",Casebrook,Mendip Reserve,268
5b418df83d88413b6ca9dc77,"{""type"": ""MultiPoint"", ""coordinates"": [[172.65166732304, -43.6202326459173]]}",Governors Bay,Stream Reserve,2685
5b418df83d88413b6ca9dc8a,"{""type"": ""MultiPoint"", ""coordinates"": [[172.714958816683, -43.6031938324454]]}",Lyttelton,Simeon Quay Reserve,2701
5b418df83d88413b6ca9dc91,"{""type"": ""MultiPoint"", ""coordinates"": [[172.706816075863, -43.5909863948804]]}",Heathcote,Bridle Path Walkway,2708
5b418df83d88413b6ca9dc93,"{""type"": ""MultiPoint"", ""coordinates"": [[172.553450060727, -43.5103248901466]]}",Hyde Park,Cricklewood Reserve,271
5b418df93d88413b6ca9dcc2,"{""type"": ""MultiPoint"", ""coordinates"": [[172.617857787591, -43.4626426281072]]}",Belfast,Lassiter Reserve,2753
5b418df93d88413b6ca9dcc7,"{""type"": ""MultiPoint"", ""coordinates"": [[172.529006618704, -43.5470386257272]]}",Hornby,Branston Intermediate School,2758
5b418df93d88413b6ca9dccc,"{""type"": ""MultiPoint"", ""coordinates"": [[172.69236296028998, -43.413694118258]]}",Brooklands,Styx River Boating Reserve,2762
5b418df93d88413b6ca9dcd1,"{""type"": ""MultiPoint"", ""coordinates"": [[172.619286287045, -43.4663457637693]]}",Belfast,Styx River Conservation Reserve,2767
5b418df93d88413b6ca9dce2,"{""type"": ""MultiPoint"", ""coordinates"": [[172.678715468025, -43.401592561056]]}",Brooklands,Kainga Forest,2785
5b418df93d88413b6ca9dce3,"{""type"": ""MultiPoint"", ""coordinates"": [[172.672497333698, -43.4053572237264]]}",Brooklands,Kainga Forest,2786
5b418df93d88413b6ca9dcea,"{""type"": ""MultiPoint"", ""coordinates"": [[172.573114963796, -43.46440283044]]}",Harewood,Roto Kohatu,2792
5b418df93d88413b6ca9dcec,"{""type"": ""MultiPoint"", ""coordinates"": [[172.676780549448, -43.47154096623509]]}",Burwood,Rockport Reserve,2794
5b418df93d88413b6ca9dcf2,"{""type"": ""MultiPoint"", ""coordinates"": [[172.700675441053, -43.4063030266065]]}",Brooklands,Seafield Park,28
5b418df93d88413b6ca9dcf6,"{""type"": ""MultiPoint"", ""coordinates"": [[172.682917998681, -43.47844533371559]]}",Burwood,Mataroa Reserve,2802
5b418df83d88413b6ca9dc66,"{""type"": ""MultiPoint"", ""coordinates"": [[172.713596504357, -43.6397137926523]]}",Diamond Harbour,Bayview Road Reserve,2669
5b418df83d88413b6ca9dc6e,"{""type"": ""MultiPoint"", ""coordinates"": [[172.62559072957697, -43.6399075838347]]}",Governors Bay,Orongomai Reserve,2676
5b418df83d88413b6ca9dc94,"{""type"": ""MultiPoint"", ""coordinates"": [[172.714332167553, -43.571059471798094]]}",Heathcote,Heathcote Quarry Reserve,2710
5b418df93d88413b6ca9dcb8,"{""type"": ""MultiPoint"", ""coordinates"": [[172.631152501743, -43.4515502653747]]}",Belfast,Castile Reserve,2744
5b418df93d88413b6ca9dcc0,"{""type"": ""MultiPoint"", ""coordinates"": [[172.618824574793, -43.4601066163313]]}",Belfast,Anglem Reserve,2751
5b418df93d88413b6ca9dcca,"{""type"": ""MultiPoint"", ""coordinates"": [[172.69491452015, -43.3976789096612]]}",Brooklands,Styx River Mouth Conservation Reserve,2760
5b418df93d88413b6ca9dcd9,"{""type"": ""MultiPoint"", ""coordinates"": [[172.70084784557, -43.4126304881866]]}",Brooklands,Seafield Park,2777
5b418df93d88413b6ca9dce7,"{""type"": ""MultiPoint"", ""coordinates"": [[172.718948325743, -43.57072037418519]]}",Mt Pleasant,Major Hornbrook Reserve,279
5b418df93d88413b6ca9dd00,"{""type"": ""MultiPoint"", ""coordinates"": [[172.71817886659997, -43.4769817075185]]}",North Shore,Sandpiper Reserve,2811
5b418df83d88413b6ca9dc7d,"{""type"": ""MultiPoint"", ""coordinates"": [[172.690476225084, -43.605319820642194]]}",Lyttelton,Cass Bay Playground,2690
5b418df83d88413b6ca9dc7e,"{""type"": ""MultiPoint"", ""coordinates"": [[172.69052475322596, -43.6032642817799]]}",Lyttelton,Police Reserve,2691
5b418df83d88413b6ca9dc7f,"{""type"": ""MultiPoint"", ""coordinates"": [[172.693966978832, -43.6057194417947]]}",Lyttelton,Cass Bay Walkway,2692
5b418df83d88413b6ca9dc9a,"{""type"": ""MultiPoint"", ""coordinates"": [[172.817123275356, -43.7866113279121]]}",Little River,Okuti Valley Streamside Reserve,2716
5b418df93d88413b6ca9dcbd,"{""type"": ""MultiPoint"", ""coordinates"": [[172.612195056749, -43.4551707913769]]}",Belfast,Kaputone Springs Reserve,2749
5b418df93d88413b6ca9dcc1,"{""type"": ""MultiPoint"", ""coordinates"": [[172.617549335111, -43.4607899180112]]}",Belfast,Beechwood Reserve,2752
5b418df93d88413b6ca9dcc8,"{""type"": ""MultiPoint"", ""coordinates"": [[172.66662050771598, -43.563553325515]]}",St Martins,Glenelg Health Camp School,2759
5b418df93d88413b6ca9dcce,"{""type"": ""MultiPoint"", ""coordinates"": [[172.659023429155, -43.4551997875904]]}",Ouruhia,Styx River Reserve Living Laboratory,2764
5b418df93d88413b6ca9dcdd,"{""type"": ""MultiPoint"", ""coordinates"": [[172.694435212933, -43.4071826189935]]}",Brooklands,Brooklands Playcentre Reserve,2780
5b418df93d88413b6ca9dcff,"{""type"": ""MultiPoint"", ""coordinates"": [[172.706760846721, -43.4839892142318]]}",Queenspark,Arden Reserve,2810
5b418df83d88413b6ca9dc4d,"{""type"": ""MultiPoint"", ""coordinates"": [[172.904691535681, -43.7035381144523]]}",Pigeon Bay,Pigeon Bay Cemetery,2646
5b418df83d88413b6ca9dc56,"{""type"": ""MultiPoint"", ""coordinates"": [[172.805907860937, -43.6674568545453]]}",Port Levy,Forestry Reserve Port Levy,2654
5b418df83d88413b6ca9dc88,"{""type"": ""MultiPoint"", ""coordinates"": [[172.551446030726, -43.5087239196138]]}",Avonhead,Merrin Reserve,270
5b418df83d88413b6ca9dc99,"{""type"": ""MultiPoint"", ""coordinates"": [[172.814468481582, -43.7865337874006]]}",Little River,Little River Bowling Green,2715
5b418df83d88413b6ca9dc9b,"{""type"": ""MultiPoint"", ""coordinates"": [[172.750674785282, -43.5841656866974]]}",Sumner,Sumnervale Reserve,2717
5b418df83d88413b6ca9dc9c,"{""type"": ""MultiPoint"", ""coordinates"": [[172.776734937391, -43.574815473643596]]}",Scarborough,Whitewash Reserve,2718
5b418df93d88413b6ca9dcbc,"{""type"": ""MultiPoint"", ""coordinates"": [[172.612360359069, -43.4542899400723]]}",Belfast,Kaputone Springs Reserve,2748
5b418df93d88413b6ca9dcdf,"{""type"": ""MultiPoint"", ""coordinates"": [[172.707415365637, -43.4329005595436]]}",Spencerville,Spencer Park,2782
5b418df93d88413b6ca9dcf4,"{""type"": ""MultiPoint"", ""coordinates"": [[172.68718330401998, -43.473422819773]]}",Burwood,Rothesay Reserve,2800
5b418df93d88413b6ca9dcfd,"{""type"": ""MultiPoint"", ""coordinates"": [[172.703074079056, -43.4790755466678]]}",Parklands,Bancroft Reserve,2809
5b418df83d88413b6ca9dc5a,"{""type"": ""MultiPoint"", ""coordinates"": [[172.750441159179, -43.6391126945321]]}",Diamond Harbour,Purau Recreation Ground,2658
5b418df83d88413b6ca9dc53,"{""type"": ""MultiPoint"", ""coordinates"": [[172.995898121983, -43.6763006159094]]}",Okains Bay,Lukes Reserve,2651
5b418df83d88413b6ca9dc80,"{""type"": ""MultiPoint"", ""coordinates"": [[172.69272281743199, -43.6023355512161]]}",Lyttelton,HMNZS Steadfast,2693
5b418df83d88413b6ca9dc90,"{""type"": ""MultiPoint"", ""coordinates"": [[172.708159673913, -43.5935491031215]]}",Lyttelton,Pioneer Womens Memorial,2707
5b418df83d88413b6ca9dc98,"{""type"": ""MultiPoint"", ""coordinates"": [[172.808950734607, -43.7862412164866]]}",Little River,Okuti Esplanade Reserve,2714
5b418df93d88413b6ca9dca4,"{""type"": ""MultiPoint"", ""coordinates"": [[172.72105630211297, -43.5612000542801]]}",McCormacks Bay,Soleares Playground,2725
5b418df93d88413b6ca9dca9,"{""type"": ""MultiPoint"", ""coordinates"": [[172.587821228097, -43.4630681361998]]}",Belfast,Smacks Creek Riverbank Reserve,2730
5b418df93d88413b6ca9dcaa,"{""type"": ""MultiPoint"", ""coordinates"": [[172.70910908951, -43.5625337426359]]}",Heathcote,Ferrymead Reserve,2731
5b418df93d88413b6ca9dcb3,"{""type"": ""MultiPoint"", ""coordinates"": [[172.718778595652, -43.5082106957731]]}",Bexley,Mitcham Reserve,274
5b418df93d88413b6ca9dcb4,"{""type"": ""MultiPoint"", ""coordinates"": [[172.690840805329, -43.5603841085642]]}",Woolston,Staunton Esplanade Reserve,2740
5b418df93d88413b6ca9dcd8,"{""type"": ""MultiPoint"", ""coordinates"": [[172.702990912645, -43.400635297820195]]}",Brooklands,Seafield Park,2776
5b418df93d88413b6ca9dce5,"{""type"": ""MultiPoint"", ""coordinates"": [[172.674173718256, -43.4026439910249]]}",Brooklands,Riverlea Recreation Reserve,2788
5b418df93d88413b6ca9dce6,"{""type"": ""MultiPoint"", ""coordinates"": [[172.607168233322, -43.4725101258622]]}",Styx,Cavendish Stream Landscape Reserve,2789
5b418df93d88413b6ca9dce8,"{""type"": ""MultiPoint"", ""coordinates"": [[172.611565497473, -43.4733468784091]]}",Styx,Barnes Reserve,2790
5b418df93d88413b6ca9dcf3,"{""type"": ""MultiPoint"", ""coordinates"": [[172.542821610071, -43.53257140609539]]}",Riccarton Park,Showgate Reserve,280
5b418df93d88413b6ca9dcfb,"{""type"": ""MultiPoint"", ""coordinates"": [[172.710143066916, -43.4752645153522]]}",Waimairi Beach,Bower Ave Landscape Reserve,2807
5b418df83d88413b6ca9dc54,"{""type"": ""MultiPoint"", ""coordinates"": [[172.998087053532, -43.6762106974524]]}",Okains Bay,Little Akaloa Cemetery,2652
5b418df83d88413b6ca9dc5b,"{""type"": ""MultiPoint"", ""coordinates"": [[172.750428529184, -43.6403731870229]]}",Diamond Harbour,Purau Esplanade Reserve,2659
5b418df83d88413b6ca9dc5f,"{""type"": ""MultiPoint"", ""coordinates"": [[172.74210347427498, -43.6321560257452]]}",Diamond Harbour,Jervois Close Park,2662
5b418df83d88413b6ca9dc79,"{""type"": ""MultiPoint"", ""coordinates"": [[172.659674307546, -43.6204032891611]]}",Lyttelton,Sandy Beach Reserve,2687
5b418df83d88413b6ca9dc7b,"{""type"": ""MultiPoint"", ""coordinates"": [[172.681355413558, -43.6076766124229]]}",Lyttelton,Rapaki Wharf,2689
5b418df83d88413b6ca9dc82,"{""type"": ""MultiPoint"", ""coordinates"": [[172.702809356386, -43.6093592534267]]}",Lyttelton,Park Terrace Reserve,2695
5b418df83d88413b6ca9dc9e,"{""type"": ""MultiPoint"", ""coordinates"": [[172.581810111668, -43.53480321385129]]}",Upper Riccarton,Middleton Park,272
5b418df93d88413b6ca9dcb1,"{""type"": ""MultiPoint"", ""coordinates"": [[172.699350692765, -43.5579650243306]]}",Ferrymead,Ferry Esplanade Reserve,2738
5b418df93d88413b6ca9dcb6,"{""type"": ""MultiPoint"", ""coordinates"": [[172.610044494001, -43.44766393389919]]}",Belfast,Groynes,2742
5b418df93d88413b6ca9dcc3,"{""type"": ""MultiPoint"", ""coordinates"": [[172.61673337578, -43.4624624552438]]}",Belfast,Lassiter Reserve,2754
5b418df93d88413b6ca9dcc6,"{""type"": ""MultiPoint"", ""coordinates"": [[172.61324601682998, -43.4618586304706]]}",Belfast,Glen Oaks Reserve,2757
5b418df93d88413b6ca9dcd6,"{""type"": ""MultiPoint"", ""coordinates"": [[172.699178915749, -43.5214082340724]]}",Bromley,Nga Hau E Wha National Marae,2771
5b418df93d88413b6ca9dcdc,"{""type"": ""MultiPoint"", ""coordinates"": [[172.67688614230198, -43.5120789977575]]}",Dallington,Moyna Playground,278
5b418df93d88413b6ca9dce0,"{""type"": ""MultiPoint"", ""coordinates"": [[172.714289283905, -43.4455399372105]]}",Burwood,Bottle Lake Beach Park,2783
5b418df83d88413b6ca9dc4b,"{""type"": ""MultiPoint"", ""coordinates"": [[172.901660471375, -43.7203905161263]]}",Pigeon Bay,Pigeon Bay Park,2644
5b418df83d88413b6ca9dc4f,"{""type"": ""MultiPoint"", ""coordinates"": [[172.901433356846, -43.6798289539047]]}",Pigeon Bay,Pigeon Bay Boat Park,2648
5b418df83d88413b6ca9dc6b,"{""type"": ""MultiPoint"", ""coordinates"": [[172.623089835281, -43.6671568894541]]}",Tai Tapu,Ahuriri Scenic Reserve,2673
5b418df83d88413b6ca9dc73,"{""type"": ""MultiPoint"", ""coordinates"": [[172.649272543103, -43.64007949723829]]}",Governors Bay,Allandale Layby,2681
5b418df83d88413b6ca9dc84,"{""type"": ""MultiPoint"", ""coordinates"": [[172.70821702217998, -43.609469435591]]}",Lyttelton,Lyttelton Recreation Ground,2697
5b418df83d88413b6ca9dc86,"{""type"": ""MultiPoint"", ""coordinates"": [[172.708872660244, -43.6004259014871]]}",Lyttelton,Voelas Playground,2699
5b418df93d88413b6ca9dca5,"{""type"": ""MultiPoint"", ""coordinates"": [[172.718991118335, -43.56418360855099]]}",Mt Pleasant,Cresswell Reserve,2726
5b418df93d88413b6ca9dcac,"{""type"": ""MultiPoint"", ""coordinates"": [[172.707052429792, -43.5765286698516]]}",Heathcote,Martindales Reserve No. 1,2733
5b418df93d88413b6ca9dcd0,"{""type"": ""MultiPoint"", ""coordinates"": [[172.66502903651, -43.4545303862677]]}",Marshland,Styx River Esplanade Reserve,2766
5b418df93d88413b6ca9dcda,"{""type"": ""MultiPoint"", ""coordinates"": [[172.698007092107, -43.4025109214601]]}",Brooklands,Brooklands Domain,2778
5b418df93d88413b6ca9dce4,"{""type"": ""MultiPoint"", ""coordinates"": [[172.67072476718297, -43.4035243521256]]}",Brooklands,Riverlea Estates Reserve,2787
5b418df93d88413b6ca9dd0d,"{""type"": ""MultiPoint"", ""coordinates"": [[172.46830708979996, -43.55568955095549]]}",Templeton,Jones Reserve,2824
5b418df93d88413b6ca9dd13,"{""type"": ""MultiPoint"", ""coordinates"": [[172.53731103101, -43.5747190971035]]}",Halswell,Knights Waterway Reserve,2830
5b418df93d88413b6ca9dd22,"{""type"": ""MultiPoint"", ""coordinates"": [[172.543088202974, -43.5464228871114]]}",Hornby,Wigram Village Green,2844
5b418df93d88413b6ca9dd3a,"{""type"": ""MultiPoint"", ""coordinates"": [[172.601773075451, -43.5764916153437]]}",Westmorland,Cashmere Stream Esplanade Reserve,2868
5b418df93d88413b6ca9dd42,"{""type"": ""MultiPoint"", ""coordinates"": [[172.557969530779, -43.565746399442]]}",Oaklands,Stallion Reserve,2875
5b418df93d88413b6ca9dd54,"{""type"": ""MultiPoint"", ""coordinates"": [[172.541130801002, -43.5172728129954]]}",Russley,Pinehurst Reserve,2891
5b418df93d88413b6ca9dd5c,"{""type"": ""MultiPoint"", ""coordinates"": [[172.579863247918, -43.5559938308845]]}",Hillmorton,formerly Canterbury Park,2900
5b418df93d88413b6ca9dd65,"{""type"": ""MultiPoint"", ""coordinates"": [[172.610720274135, -43.56113511717539]]}",Spreydon,Spreydon Riverbank Reserves,2909
5b418df93d88413b6ca9dd71,"{""type"": ""MultiPoint"", ""coordinates"": [[172.642873343456, -43.5961927219088]]}",Cashmere,Victoria Park,2920
5b418df93d88413b6ca9dd79,"{""type"": ""MultiPoint"", ""coordinates"": [[172.623751696183, -43.6535173765405]]}",Tai Tapu,Coopers Knob,2928
5b418df93d88413b6ca9dd9b,"{""type"": ""MultiPoint"", ""coordinates"": [[172.552265516463, -43.5140195268135]]}",Hyde Park,Apsley Landscape Reserve,2961
5b418df93d88413b6ca9dd9f,"{""type"": ""MultiPoint"", ""coordinates"": [[172.582807137398, -43.5292674258924]]}",Upper Riccarton,Milnebank Reserve,2965
5b418df93d88413b6ca9dda1,"{""type"": ""MultiPoint"", ""coordinates"": [[172.601586625635, -43.4885372486777]]}",Papanui,Morrison Avenue Bowling Club,2967
5b418df93d88413b6ca9dda2,"{""type"": ""MultiPoint"", ""coordinates"": [[172.614192896309, -43.4958847704719]]}",Papanui,Papanui Stream Esplanade,2968
5b418df93d88413b6ca9ddad,"{""type"": ""MultiPoint"", ""coordinates"": [[172.572704314642, -43.5048585112789]]}",Burnside,Grahams Road Berms,2978
5b418dfa3d88413b6ca9dddb,"{""type"": ""MultiPoint"", ""coordinates"": [[172.652711443382, -43.5086756456667]]}",Richmond,Dudley Creek Esplanade Reserve,3022
5b418dfa3d88413b6ca9dddf,"{""type"": ""MultiPoint"", ""coordinates"": [[172.677082883393, -43.49211313155389]]}",Westhaven,Yellowstone Reserve,3026
5b418df93d88413b6ca9dd1a,"{""type"": ""MultiPoint"", ""coordinates"": [[172.56438247624, -43.58369987578959]]}",Halswell,Sovereign Gardens Reserve,2837
5b418df93d88413b6ca9dd1d,"{""type"": ""MultiPoint"", ""coordinates"": [[172.708291631786, -43.5017352742508]]}",New Brighton,Bower Park,284
5b418df93d88413b6ca9dd28,"{""type"": ""MultiPoint"", ""coordinates"": [[172.53748229662096, -43.538356331196994]]}",Sockburn,Waterloo Reserve No. 2,2850
5b418df93d88413b6ca9dd36,"{""type"": ""MultiPoint"", ""coordinates"": [[172.613635507016, -43.5787257135848]]}",Hoon Hay Valley,Cashmere Stream Esplanade Reserve,2864
5b418df93d88413b6ca9dd3d,"{""type"": ""MultiPoint"", ""coordinates"": [[172.601256331853, -43.5765110502258]]}",Westmorland,Cashmere Stream Esplanade Reserve,2870
5b418df93d88413b6ca9dd4e,"{""type"": ""MultiPoint"", ""coordinates"": [[172.561355856237, -43.5605532751103]]}",Hornby,Broken Run Reserve,2886
5b418df93d88413b6ca9dd66,"{""type"": ""MultiPoint"", ""coordinates"": [[172.668472696319, -43.4946025389942]]}",Westhaven,Oakmont Reserve,291
5b418df93d88413b6ca9dd68,"{""type"": ""MultiPoint"", ""coordinates"": [[172.60375588730597, -43.5578580744061]]}",Spreydon,Spreydon Riverbank Reserves,2911
5b418df93d88413b6ca9dd6c,"{""type"": ""MultiPoint"", ""coordinates"": [[172.600928128738, -43.5563744703994]]}",Spreydon,Spreydon Domain,2915
5b418df93d88413b6ca9dd72,"{""type"": ""MultiPoint"", ""coordinates"": [[172.641860132271, -43.5942838031104]]}",Cashmere,Victoria Park,2921
5b418df93d88413b6ca9dd89,"{""type"": ""MultiPoint"", ""coordinates"": [[172.696393656396, -43.5703197665026]]}",Heathcote,Warner Reserve,2943
5b418df93d88413b6ca9dd9c,"{""type"": ""MultiPoint"", ""coordinates"": [[172.565529916493, -43.5323409129141]]}",Upper Riccarton,Glebe Reserve,2962
5b418df93d88413b6ca9dda5,"{""type"": ""MultiPoint"", ""coordinates"": [[172.568203583912, -43.5044893704299]]}",Burnside,Memorial Ave Reserves,2970
5b418df93d88413b6ca9ddb4,"{""type"": ""MultiPoint"", ""coordinates"": [[172.676404009926, -43.4765388207295]]}",Burwood,Snellings Waterway Reserve,2985
5b418df93d88413b6ca9ddbe,"{""type"": ""MultiPoint"", ""coordinates"": [[172.654632813079, -43.4992049231008]]}",Shirley,Macfarlane Park,2996
5b418df93d88413b6ca9ddc1,"{""type"": ""MultiPoint"", ""coordinates"": [[172.670929523208, -43.4901553958388]]}",Westhaven,Birkdale Reserve,2999
5b418df93d88413b6ca9ddc3,"{""type"": ""MultiPoint"", ""coordinates"": [[172.729540302749, -43.5072914741005]]}",New Brighton,New Brighton Mall,30
5b418dfa3d88413b6ca9ddcb,"{""type"": ""MultiPoint"", ""coordinates"": [[172.607976565603, -43.5455664707388]]}",Addington,Parade Court Reserve,3006
5b418dfa3d88413b6ca9ddcd,"{""type"": ""MultiPoint"", ""coordinates"": [[172.654925155144, -43.5662445224472]]}",Huntsbury,Ramahana Reserve,3008
5b418dfa3d88413b6ca9ddce,"{""type"": ""MultiPoint"", ""coordinates"": [[172.655962639274, -43.5263255331052]]}",Linwood,Beverley Park,3009
5b418dfa3d88413b6ca9dddd,"{""type"": ""MultiPoint"", ""coordinates"": [[172.696009434326, -43.53107255477259]]}",Bromley,Taurus Reserve,3024
5b418dfa3d88413b6ca9ddea,"{""type"": ""MultiPoint"", ""coordinates"": [[172.675646770654, -43.49391731168859]]}",Westhaven,Lakewood Reserves,3036
5b418dfa3d88413b6ca9ddf8,"{""type"": ""MultiPoint"", ""coordinates"": [[172.607414562479, -43.5456159912895]]}",Addington,Parade Court Reserve,305
5b418df93d88413b6ca9dd14,"{""type"": ""MultiPoint"", ""coordinates"": [[172.536555215731, -43.5805459925978]]}",Halswell,Knights Waterway Reserve,2831
5b418df93d88413b6ca9dd29,"{""type"": ""MultiPoint"", ""coordinates"": [[172.545031787977, -43.533046255357]]}",Riccarton Park,Showgate Reserve,2851
5b418df93d88413b6ca9dd32,"{""type"": ""MultiPoint"", ""coordinates"": [[172.606348911299, -43.48455058477799]]}",Papanui,Craighead Reserve,286
5b418df93d88413b6ca9dd50,"{""type"": ""MultiPoint"", ""coordinates"": [[172.561204428322, -43.5571004117422]]}",Hornby,Wigram Road Landscape Reserve,2888
5b418df93d88413b6ca9dd62,"{""type"": ""MultiPoint"", ""coordinates"": [[172.594548523972, -43.549204059706]]}",Addington,Linden Grove,2906
5b418df93d88413b6ca9dd78,"{""type"": ""MultiPoint"", ""coordinates"": [[172.652763403612, -43.6073010692891]]}",Lyttelton,Sugarloaf Reserve,2927
5b418df93d88413b6ca9ddaf,"{""type"": ""MultiPoint"", ""coordinates"": [[172.712840073899, -43.4990598787756]]}",New Brighton,Fred Price Courts,298
5b418df93d88413b6ca9ddbc,"{""type"": ""MultiPoint"", ""coordinates"": [[172.614477950556, -43.5434069206981]]}",Addington,Mountfort Park,2994
5b418dfa3d88413b6ca9ddc6,"{""type"": ""MultiPoint"", ""coordinates"": [[172.661546735334, -43.4912294392873]]}",Westhaven,Wilmington Reserve,3001
5b418dfa3d88413b6ca9ddd4,"{""type"": ""MultiPoint"", ""coordinates"": [[172.73726493772799, -43.5237103695049]]}",South New Brighton,Te Karoro Karoro Reserve,3016
5b418dfa3d88413b6ca9ddde,"{""type"": ""MultiPoint"", ""coordinates"": [[172.691499258158, -43.52961863595459]]}",Bromley,Memorial Park Cemetery,3025
5b418dfa3d88413b6ca9dde0,"{""type"": ""MultiPoint"", ""coordinates"": [[172.678677392542, -43.4937699090059]]}",Westhaven,Idaho Reserve,3027
5b418df93d88413b6ca9dd25,"{""type"": ""MultiPoint"", ""coordinates"": [[172.533402544329, -43.537904416447894]]}",Hornby,Waterloo Reserve No. 1,2847
5b418df93d88413b6ca9dd27,"{""type"": ""MultiPoint"", ""coordinates"": [[172.537224275599, -43.5375063228494]]}",Hornby,Waterloo Reserve No. 2,2849
5b418df93d88413b6ca9dd4c,"{""type"": ""MultiPoint"", ""coordinates"": [[172.57245578756, -43.5667757907987]]}",Oaklands,Corbett Reserve,2884
5b418df93d88413b6ca9dd53,"{""type"": ""MultiPoint"", ""coordinates"": [[172.557264652795, -43.55943302238]]}",Hornby,Wigram Road Landscape Reserve,2890
5b418df93d88413b6ca9dd77,"{""type"": ""MultiPoint"", ""coordinates"": [[172.647900729748, -43.5994985505201]]}",Cashmere,Thomson Scenic Reserve,2926
5b418df93d88413b6ca9dd86,"{""type"": ""MultiPoint"", ""coordinates"": [[172.632753539421, -43.5339368602791]]}",Central City,Tiffany Reserve,294
5b418df93d88413b6ca9dd8c,"{""type"": ""MultiPoint"", ""coordinates"": [[172.709325046305, -43.56167315817059]]}",Heathcote,Ferrymead Reserve,2947
5b418df93d88413b6ca9dd8d,"{""type"": ""MultiPoint"", ""coordinates"": [[172.57201089994297, -43.4860649190243]]}",Harewood,Benmore Gardens Reserve,2948
5b418df93d88413b6ca9ddbd,"{""type"": ""MultiPoint"", ""coordinates"": [[172.622765444208, -43.5540546311206]]}",Spreydon,Cheviot Reserve,2995
5b418dfa3d88413b6ca9ddc9,"{""type"": ""MultiPoint"", ""coordinates"": [[172.63784072345297, -43.5450918516283]]}",Sydenham,Buchan Playground,3004
5b418dfa3d88413b6ca9ddd8,"{""type"": ""MultiPoint"", ""coordinates"": [[172.622228847589, -43.513235651665]]}",Merivale,Merivale Village Green,302
5b418dfa3d88413b6ca9ddef,"{""type"": ""MultiPoint"", ""coordinates"": [[172.702128408694, -43.4966913587597]]}",New Brighton,Anzac Drive Reserve,3040
5b418dfa3d88413b6ca9ddf5,"{""type"": ""MultiPoint"", ""coordinates"": [[172.716896938265, -43.5119648754402]]}",Bexley,Pages Reserve,3046
5b418df93d88413b6ca9dd03,"{""type"": ""MultiPoint"", ""coordinates"": [[172.48616722029, -43.483075525649795]]}",Harewood,McLeans Grassland Park,2814
5b418df93d88413b6ca9dd04,"{""type"": ""MultiPoint"", ""coordinates"": [[172.504835641184, -43.4793757780361]]}",Harewood,McLeans Grassland Park,2815
5b418df93d88413b6ca9dd0b,"{""type"": ""MultiPoint"", ""coordinates"": [[172.464495297794, -43.55304849020369]]}",Templeton,Globe Bay Reserve,2822
5b418df93d88413b6ca9dd11,"{""type"": ""MultiPoint"", ""coordinates"": [[172.50196823629096, -43.54573346998689]]}",Islington,Foremans Reserve,2828
5b418df93d88413b6ca9dd17,"{""type"": ""MultiPoint"", ""coordinates"": [[172.546489030023, -43.5841009913538]]}",Halswell,Quaifes Rd Springlands,2834
5b418df93d88413b6ca9dd20,"{""type"": ""MultiPoint"", ""coordinates"": [[172.541981043403, -43.5472015659036]]}",Hornby,Caudron Reserve,2842
5b418df93d88413b6ca9dd2a,"{""type"": ""MultiPoint"", ""coordinates"": [[172.542399310067, -43.5334098454878]]}",Riccarton Park,Showgate Reserve,2852
5b418df93d88413b6ca9dd38,"{""type"": ""MultiPoint"", ""coordinates"": [[172.602584459575, -43.5766109997804]]}",Westmorland,Cashmere Stream Esplanade Reserve,2866
5b418df93d88413b6ca9dd41,"{""type"": ""MultiPoint"", ""coordinates"": [[172.56090858422797, -43.5656514177882]]}",Oaklands,Burbank Reserve,2874
5b418df93d88413b6ca9dd4a,"{""type"": ""MultiPoint"", ""coordinates"": [[172.56983317476, -43.5695916505626]]}",Oaklands,Bishops Green,2882
5b418df93d88413b6ca9dd51,"{""type"": ""MultiPoint"", ""coordinates"": [[172.55973127809898, -43.5579775751906]]}",Hornby,Wigram Road Landscape Reserve,2889
5b418df93d88413b6ca9dd5b,"{""type"": ""MultiPoint"", ""coordinates"": [[172.53412603642, -43.557003377038]]}",Hornby,Warren Park,290
5b418df93d88413b6ca9dd60,"{""type"": ""MultiPoint"", ""coordinates"": [[172.773353027386, -43.8574508326804]]}",Little River,Te Oka Reserve,2904
5b418df93d88413b6ca9dd85,"{""type"": ""MultiPoint"", ""coordinates"": [[172.691770301675, -43.5534922421664]]}",Woolston,Kotuku Reserve,2939
5b418df93d88413b6ca9dd88,"{""type"": ""MultiPoint"", ""coordinates"": [[172.70304096917297, -43.5759901971969]]}",Heathcote,Martindales Reserve No. 2,2942
5b418df93d88413b6ca9dd90,"{""type"": ""MultiPoint"", ""coordinates"": [[172.560691386737, -43.49406231506959]]}",Burnside,Juniper Reserve,2951
5b418df93d88413b6ca9dd93,"{""type"": ""MultiPoint"", ""coordinates"": [[172.556077472864, -43.4961567364254]]}",Harewood,Stableford Reserve,2954
5b418df93d88413b6ca9ddac,"{""type"": ""MultiPoint"", ""coordinates"": [[172.572998568819, -43.5046089179404]]}",Burnside,Grahams Road Berms,2977
5b418df93d88413b6ca9ddb9,"{""type"": ""MultiPoint"", ""coordinates"": [[172.640562533883, -43.4952478523356]]}",Mairehau,Wanaka Reserve,2991
5b418df93d88413b6ca9ddbb,"{""type"": ""MultiPoint"", ""coordinates"": [[172.634030552616, -43.5112855417687]]}",St Albans,St Albans Tennis Club,2993
5b418df93d88413b6ca9ddc0,"{""type"": ""MultiPoint"", ""coordinates"": [[172.653822582635, -43.5046004064707]]}",Shirley,Macfarlane Park,2998
5b418df93d88413b6ca9dd0c,"{""type"": ""MultiPoint"", ""coordinates"": [[172.471128064211, -43.5490382114034]]}",Templeton,Kirk Reserve,2823
5b418df93d88413b6ca9dd1f,"{""type"": ""MultiPoint"", ""coordinates"": [[172.564883788746, -43.5932239071321]]}",Halswell,Nottingham Stream Reserve,2841
5b418df93d88413b6ca9dd2b,"{""type"": ""MultiPoint"", ""coordinates"": [[172.547882139226, -43.5337175937668]]}",Sockburn,Paparua Stream Reserve,2853
5b418df93d88413b6ca9dd33,"{""type"": ""MultiPoint"", ""coordinates"": [[172.60199799988197, -43.5762819706758]]}",Westmorland,Brookford Reserve,2860
5b418df93d88413b6ca9dd4b,"{""type"": ""MultiPoint"", ""coordinates"": [[172.57131042832697, -43.5667318262528]]}",Oaklands,Bibiana Reserve,2883
5b418df93d88413b6ca9dd7b,"{""type"": ""MultiPoint"", ""coordinates"": [[172.662811119566, -43.5378406129028]]}",Linwood,Guthrey Courts,293
5b418df93d88413b6ca9dd7c,"{""type"": ""MultiPoint"", ""coordinates"": [[172.71369963012899, -43.6337792933947]]}",Diamond Harbour,Black Point Reserve,2930
5b418df93d88413b6ca9dd7d,"{""type"": ""MultiPoint"", ""coordinates"": [[172.663294047681, -43.588434795241]]}",Huntsbury,Bowenvale Park,2931
5b418df93d88413b6ca9dd8b,"{""type"": ""MultiPoint"", ""coordinates"": [[172.69730067050497, -43.5619801876731]]}",Heathcote,Ferrymead Park,2946
5b418df93d88413b6ca9ddab,"{""type"": ""MultiPoint"", ""coordinates"": [[172.570707009764, -43.5060639542682]]}",Burnside,Memorial Ave Reserves,2976
5b418df93d88413b6ca9ddba,"{""type"": ""MultiPoint"", ""coordinates"": [[172.651776467478, -43.4896651139833]]}",Mairehau,Queenswood Landscape Reserve,2992
5b418df93d88413b6ca9ddc4,"{""type"": ""MultiPoint"", ""coordinates"": [[172.746247649531, -43.5727276434309]]}",Clifton,Starwood Reserve,300
5b418dfa3d88413b6ca9ddc7,"{""type"": ""MultiPoint"", ""coordinates"": [[172.626213669058, -43.543095270613996]]}",Addington,Braddon Reserve,3002
5b418dfa3d88413b6ca9ddd3,"{""type"": ""MultiPoint"", ""coordinates"": [[172.64754086315398, -43.5476086099521]]}",Waltham,Tommy Taylor Reserve,3015
5b418dfa3d88413b6ca9dde5,"{""type"": ""MultiPoint"", ""coordinates"": [[172.67660579470999, -43.4926224767781]]}",Westhaven,Lakewood Reserves,3031
5b418dfa3d88413b6ca9dde7,"{""type"": ""MultiPoint"", ""coordinates"": [[172.676624133373, -43.49294742604339]]}",Westhaven,Lakewood Reserves,3033
5b418dfa3d88413b6ca9dde9,"{""type"": ""MultiPoint"", ""coordinates"": [[172.675549724785, -43.49332578567]]}",Westhaven,Lakewood Reserves,3035
5b418dfa3d88413b6ca9ddeb,"{""type"": ""MultiPoint"", ""coordinates"": [[172.678542296831, -43.4928407117201]]}",Westhaven,Lakewood Reserves,3037
5b418df93d88413b6ca9dd23,"{""type"": ""MultiPoint"", ""coordinates"": [[172.563737910222, -43.5626777631223]]}",Oaklands,Somerville Reserve,2845
5b418df93d88413b6ca9dd39,"{""type"": ""MultiPoint"", ""coordinates"": [[172.602678693898, -43.5764249904393]]}",Westmorland,Cashmere Stream Esplanade Reserve,2867
5b418df93d88413b6ca9dd80,"{""type"": ""MultiPoint"", ""coordinates"": [[172.666650294467, -43.5549764055798]]}",Opawa,Heathcote Riverbank Reserve,2934
5b418df93d88413b6ca9dd92,"{""type"": ""MultiPoint"", ""coordinates"": [[172.557580183625, -43.4963790146123]]}",Harewood,Stableford Reserve,2953
5b418df93d88413b6ca9dda0,"{""type"": ""MultiPoint"", ""coordinates"": [[172.583623079353, -43.5302869657668]]}",Upper Riccarton,Milnebank Reserve,2966
5b418df93d88413b6ca9dda3,"{""type"": ""MultiPoint"", ""coordinates"": [[172.567830251975, -43.5042601926688]]}",Burnside,Memorial Ave Reserves,2969
5b418df93d88413b6ca9dda7,"{""type"": ""MultiPoint"", ""coordinates"": [[172.569485765803, -43.5052946506528]]}",Burnside,Memorial Ave Reserves,2972
5b418df93d88413b6ca9ddae,"{""type"": ""MultiPoint"", ""coordinates"": [[172.572452616679, -43.5051075097148]]}",Burnside,Grahams Road Berms,2979
5b418df93d88413b6ca9ddb8,"{""type"": ""MultiPoint"", ""coordinates"": [[172.642227078167, -43.4920062471411]]}",Mairehau,Walter Park,2990
5b418df93d88413b6ca9ddc2,"{""type"": ""MultiPoint"", ""coordinates"": [[172.727687015279, -43.5144017840143]]}",New Brighton,Shoreham Courts,3
5b418dfa3d88413b6ca9ddd2,"{""type"": ""MultiPoint"", ""coordinates"": [[172.647110987944, -43.5476074948697]]}",Waltham,Tommy Taylor Reserve,3014
5b418dfa3d88413b6ca9dddc,"{""type"": ""MultiPoint"", ""coordinates"": [[172.66023517964499, -43.5198548702302]]}",Richmond,Avebury Park,3023
5b418dfa3d88413b6ca9dde8,"{""type"": ""MultiPoint"", ""coordinates"": [[172.676389848363, -43.49310291447189]]}",Westhaven,Lakewood Reserves,3034
5b418dfa3d88413b6ca9dded,"{""type"": ""MultiPoint"", ""coordinates"": [[172.700778457895, -43.4966344325925]]}",New Brighton,Anzac Drive Reserve,3039
5b418dfa3d88413b6ca9ddf1,"{""type"": ""MultiPoint"", ""coordinates"": [[172.68537048428, -43.5172810535265]]}",Wainoni,Bickerton Reserve,3042
5b418df93d88413b6ca9dd09,"{""type"": ""MultiPoint"", ""coordinates"": [[172.651356548296, -43.6267098926926]]}",Governors Bay,Governors Bay Wastewater Treatment Plant,2820
5b418df93d88413b6ca9dd07,"{""type"": ""MultiPoint"", ""coordinates"": [[172.569480539232, -43.4850459274614]]}",Harewood,Nunweek Park,2818
5b418df93d88413b6ca9dd24,"{""type"": ""MultiPoint"", ""coordinates"": [[172.564477687186, -43.5621685219635]]}",Oaklands,Somerville Reserve,2846
5b418df93d88413b6ca9dd2c,"{""type"": ""MultiPoint"", ""coordinates"": [[172.55151684802996, -43.5346702774256]]}",Upper Riccarton,Paparua Stream Reserve No. 2,2854
5b418df93d88413b6ca9dd45,"{""type"": ""MultiPoint"", ""coordinates"": [[172.566696227364, -43.5699697240219]]}",Oaklands,Dunbars Landscape Reserve,2878
5b418df93d88413b6ca9dd74,"{""type"": ""MultiPoint"", ""coordinates"": [[172.60861504162, -43.6317016820026]]}",Lansdowne,Kennedys Bush,2923
5b418df93d88413b6ca9dd82,"{""type"": ""MultiPoint"", ""coordinates"": [[172.679804119889, -43.5503391948606]]}",Woolston,Laura Kent Reserve,2936
5b418df93d88413b6ca9dd96,"{""type"": ""MultiPoint"", ""coordinates"": [[172.583480247769, -43.5078360642101]]}",Burnside,Jellie Park,2957
5b418df93d88413b6ca9dd99,"{""type"": ""MultiPoint"", ""coordinates"": [[172.664676467217, -43.49786552447439]]}",Shirley,Pagoda Playground,296
5b418df93d88413b6ca9ddb1,"{""type"": ""MultiPoint"", ""coordinates"": [[172.571084765269, -43.5367581610245]]}",Upper Riccarton,Hillary Reserve,2982
5b418dfa3d88413b6ca9ddca,"{""type"": ""MultiPoint"", ""coordinates"": [[172.62798173568098, -43.52846231233389]]}",Central City,Armagh Reserve,3005
5b418dfa3d88413b6ca9dde4,"{""type"": ""MultiPoint"", ""coordinates"": [[172.674918612541, -43.4919366317837]]}",Westhaven,Lakewood Reserves,3030
5b418dfa3d88413b6ca9ddf4,"{""type"": ""MultiPoint"", ""coordinates"": [[172.721827421665, -43.5155940402825]]}",Bexley,Harold Henry Park,3045
5b418df93d88413b6ca9dd0e,"{""type"": ""MultiPoint"", ""coordinates"": [[172.467026297905, -43.5545389351339]]}",Templeton,Roydon Drainage Reserve,2825
5b418df93d88413b6ca9dd16,"{""type"": ""MultiPoint"", ""coordinates"": [[172.53687208710198, -43.584471612344]]}",Halswell,Knights Waterway Reserve,2833
5b418df93d88413b6ca9dd18,"{""type"": ""MultiPoint"", ""coordinates"": [[172.546091188079, -43.56692251422]]}",Halswell,Carrs Reserve,2835
5b418df93d88413b6ca9dd1e,"{""type"": ""MultiPoint"", ""coordinates"": [[172.566283956361, -43.592533545678]]}",Halswell,Nottingham Stream Reserve,2840
5b418df93d88413b6ca9dd21,"{""type"": ""MultiPoint"", ""coordinates"": [[172.544324786583, -43.5481919572135]]}",Hornby,Wigram Village Green,2843
5b418df93d88413b6ca9dd26,"{""type"": ""MultiPoint"", ""coordinates"": [[172.535342381184, -43.5366169161144]]}",Hornby,Waterloo Reserve No. 2,2848
5b418df93d88413b6ca9dd30,"{""type"": ""MultiPoint"", ""coordinates"": [[172.573946115545, -43.5842816095552]]}",Halswell,Sparks Road Landscape Reserve,2858
5b418df93d88413b6ca9dd4f,"{""type"": ""MultiPoint"", ""coordinates"": [[172.559044822567, -43.55891525214909]]}",Hornby,Broken Run Reserve,2887
5b418df93d88413b6ca9dd5f,"{""type"": ""MultiPoint"", ""coordinates"": [[172.579705902224, -43.5586594004152]]}",Hillmorton,Canterbury Park,2903
5b418df93d88413b6ca9dd64,"{""type"": ""MultiPoint"", ""coordinates"": [[172.59655464098, -43.5549133655015]]}",Spreydon,Spreydon Riverbank Reserves,2908
5b418df93d88413b6ca9dd6e,"{""type"": ""MultiPoint"", ""coordinates"": [[172.612489656365, -43.5593808624533]]}",Spreydon,Winsor Accessway,2917
5b418df93d88413b6ca9dd76,"{""type"": ""MultiPoint"", ""coordinates"": [[172.643204702214, -43.5990788488677]]}",Cashmere,Thomson Scenic Reserve,2925
5b418df93d88413b6ca9dd8a,"{""type"": ""MultiPoint"", ""coordinates"": [[172.702376271386, -43.567559478975]]}",Heathcote,Ferrymead Heritage Park,2944
5b418dfa3d88413b6ca9ddcf,"{""type"": ""MultiPoint"", ""coordinates"": [[172.641892058509, -43.5407688573857]]}",Sydenham,Science Alive Reserve,3010
5b418dfa3d88413b6ca9dde2,"{""type"": ""MultiPoint"", ""coordinates"": [[172.67468403999396, -43.4917429939175]]}",Westhaven,Lakewood Reserves,3029
5b418df93d88413b6ca9dd06,"{""type"": ""MultiPoint"", ""coordinates"": [[172.579248585345, -43.4817581360769]]}",Bishopdale,Pasadena Reserve,2817
5b418df93d88413b6ca9dd3b,"{""type"": ""MultiPoint"", ""coordinates"": [[172.60123417645798, -43.5766262351291]]}",Westmorland,Cashmere Stream Esplanade Reserve,2869
5b418df93d88413b6ca9dd40,"{""type"": ""MultiPoint"", ""coordinates"": [[172.564329437506, -43.5652709827808]]}",Oaklands,Sienna Reserve,2873
5b418df93d88413b6ca9dd49,"{""type"": ""MultiPoint"", ""coordinates"": [[172.570648397225, -43.56865319238]]}",Oaklands,Bishops Green,2881
5b418df93d88413b6ca9dd61,"{""type"": ""MultiPoint"", ""coordinates"": [[172.589347628301, -43.54980842758619]]}",Addington,Mokihi Reserve,2905
5b418df93d88413b6ca9dd98,"{""type"": ""MultiPoint"", ""coordinates"": [[172.549923258209, -43.5138268636508]]}",Hyde Park,Apsley Landscape Reserve,2959
5b418df93d88413b6ca9dd9a,"{""type"": ""MultiPoint"", ""coordinates"": [[172.551018378379, -43.5137946013582]]}",Hyde Park,Apsley Landscape Reserve,2960
5b418df93d88413b6ca9dd9e,"{""type"": ""MultiPoint"", ""coordinates"": [[172.60304916476298, -43.5246372977162]]}",Riccarton,Avon River Esplanade Reserve,2964
5b418df93d88413b6ca9ddaa,"{""type"": ""MultiPoint"", ""coordinates"": [[172.570418759629, -43.5058926479043]]}",Burnside,Memorial Ave Reserves,2975
5b418df93d88413b6ca9ddb7,"{""type"": ""MultiPoint"", ""coordinates"": [[172.60656175061598, -43.5416257396575]]}",Addington,Longley Reserve,2989
5b418df93d88413b6ca9ddbf,"{""type"": ""MultiPoint"", ""coordinates"": [[172.655212725989, -43.5024533344937]]}",Shirley,Macfarlane Park,2997
5b418dfa3d88413b6ca9ddc8,"{""type"": ""MultiPoint"", ""coordinates"": [[172.62487149553698, -43.5440489744402]]}",Addington,Baxters Drain,3003
5b418dfa3d88413b6ca9ddd6,"{""type"": ""MultiPoint"", ""coordinates"": [[172.679253628988, -43.5391934366381]]}",Linwood,Linwood Esplanade Reserve,3018
5b418dfa3d88413b6ca9ddee,"{""type"": ""MultiPoint"", ""coordinates"": [[172.596192278219, -43.4857214548103]]}",Bishopdale,Paprika Reserve,304
5b418df93d88413b6ca9dd10,"{""type"": ""MultiPoint"", ""coordinates"": [[172.507220381807, -43.53788521835109]]}",Islington,Moffett Reserve,2827
5b418df93d88413b6ca9dd2f,"{""type"": ""MultiPoint"", ""coordinates"": [[172.576830819743, -43.58329781398619]]}",Halswell,Sparks Road Landscape Reserve,2857
5b418df93d88413b6ca9dd31,"{""type"": ""MultiPoint"", ""coordinates"": [[172.572727408518, -43.5847022660645]]}",Halswell,Sparks Road Landscape Reserve,2859
5b418df93d88413b6ca9dd44,"{""type"": ""MultiPoint"", ""coordinates"": [[172.562463746723, -43.568557843957]]}",Oaklands,Dunbars Landscape Reserve,2877
5b418df93d88413b6ca9dd63,"{""type"": ""MultiPoint"", ""coordinates"": [[172.591640109253, -43.5526290407212]]}",Addington,Spreydon Riverbank Reserves,2907
5b418df93d88413b6ca9dd7a,"{""type"": ""MultiPoint"", ""coordinates"": [[172.659452776511, -43.600037174335]]}",Lyttelton,Scott Scenic Reserve,2929
5b418df93d88413b6ca9dd81,"{""type"": ""MultiPoint"", ""coordinates"": [[172.67759014212, -43.5470515318658]]}",Woolston,Christchurch Quay Reserve,2935
5b418df93d88413b6ca9ddb5,"{""type"": ""MultiPoint"", ""coordinates"": [[172.673763224115, -43.4750039516803]]}",Burwood,Snellings Waterway Reserve,2986
5b418dfa3d88413b6ca9ddd0,"{""type"": ""MultiPoint"", ""coordinates"": [[172.64040791422798, -43.5504320795117]]}",Sydenham,Jacksons Creek,3012
5b418dfa3d88413b6ca9ddd1,"{""type"": ""MultiPoint"", ""coordinates"": [[172.64703119148197, -43.5483045810008]]}",Waltham,Tommy Taylor Reserve,3013
5b418dfa3d88413b6ca9ddf3,"{""type"": ""MultiPoint"", ""coordinates"": [[172.722034069884, -43.5165574857611]]}",Bexley,Harold Henry Park,3044
5b418df93d88413b6ca9dd15,"{""type"": ""MultiPoint"", ""coordinates"": [[172.536480045874, -43.5839209897573]]}",Halswell,Knights Waterway Reserve,2832
5b418df93d88413b6ca9dd01,"{""type"": ""MultiPoint"", ""coordinates"": [[172.600033116893, -43.482344641057594]]}",Casebrook,Sisson Park,2812
5b418df93d88413b6ca9dd1b,"{""type"": ""MultiPoint"", ""coordinates"": [[172.563732021121, -43.5849413195704]]}",Halswell,Sovereign Gardens Reserve,2838
5b418df93d88413b6ca9dd37,"{""type"": ""MultiPoint"", ""coordinates"": [[172.604505286259, -43.5763795559999]]}",Westmorland,Cashmere Stream Esplanade Reserve,2865
5b418df93d88413b6ca9dd3e,"{""type"": ""MultiPoint"", ""coordinates"": [[172.598667636169, -43.5773764863854]]}",Halswell,Cashmere Stream Esplanade Reserve,2871
5b418df93d88413b6ca9dd3f,"{""type"": ""MultiPoint"", ""coordinates"": [[172.621004923371, -43.5767882712922]]}",Cashmere,Bengal Walkway,2872
5b418df93d88413b6ca9dd43,"{""type"": ""MultiPoint"", ""coordinates"": [[172.559298344604, -43.5671466329692]]}",Oaklands,Dunbars Landscape Reserve,2876
5b418df93d88413b6ca9dd46,"{""type"": ""MultiPoint"", ""coordinates"": [[172.56543953125, -43.5692473087261]]}",Oaklands,Marcella Reserve,2879
5b418df93d88413b6ca9dd47,"{""type"": ""MultiPoint"", ""coordinates"": [[172.658057230017, -43.5352555132493]]}",Linwood,Welcome Rest,288
5b418df93d88413b6ca9dd56,"{""type"": ""MultiPoint"", ""coordinates"": [[172.62588356513396, -43.5697927885977]]}",Cashmere,Cashmere Valley Reserve,2893
5b418df93d88413b6ca9dd5e,"{""type"": ""MultiPoint"", ""coordinates"": [[172.584384968097, -43.5548188103029]]}",Hillmorton,formerley Canterbury Park,2902
5b418df93d88413b6ca9dd67,"{""type"": ""MultiPoint"", ""coordinates"": [[172.611592096331, -43.5619304871918]]}",Hoon Hay,Spreydon Riverbank Reserves,2910
5b418df93d88413b6ca9dd69,"{""type"": ""MultiPoint"", ""coordinates"": [[172.60064022716298, -43.5573034456959]]}",Hoon Hay,Spreydon Riverbank Reserves,2912
5b418df93d88413b6ca9dd7e,"{""type"": ""MultiPoint"", ""coordinates"": [[172.71297237332797, -43.63475729588309]]}",Diamond Harbour,Black Point Reserve,2932
5b418df93d88413b6ca9dd7f,"{""type"": ""MultiPoint"", ""coordinates"": [[172.662137480749, -43.5610099917891]]}",Opawa,Hansen Park,2933
5b418df93d88413b6ca9dda4,"{""type"": ""MultiPoint"", ""coordinates"": [[172.648105738991, -43.55978973408549]]}",St Martins,Palatine Native Reserve,297
5b418df93d88413b6ca9dda9,"{""type"": ""MultiPoint"", ""coordinates"": [[172.569993956452, -43.5056325976012]]}",Burnside,Memorial Ave Reserves,2974
5b418df93d88413b6ca9dd02,"{""type"": ""MultiPoint"", ""coordinates"": [[172.59879568506798, -43.482363498934895]]}",Casebrook,Sisson Park,2813
5b418df93d88413b6ca9dd0a,"{""type"": ""MultiPoint"", ""coordinates"": [[172.910707909572, -43.7609885290135]]}",Duvauchelle,Barrys Bay Streamside,2821
5b418df93d88413b6ca9dd0f,"{""type"": ""MultiPoint"", ""coordinates"": [[172.511561753796, -43.5564675495286]]}",Hornby,Shands Reserve,2826
5b418df93d88413b6ca9dd3c,"{""type"": ""MultiPoint"", ""coordinates"": [[172.557717259686, -43.5235728668452]]}",Avonhead,Ferrier Park,287
5b418df93d88413b6ca9dd48,"{""type"": ""MultiPoint"", ""coordinates"": [[172.56481157861296, -43.56767728306]]}",Oaklands,Rooney Reserve,2880
5b418df93d88413b6ca9dd5a,"{""type"": ""MultiPoint"", ""coordinates"": [[172.6964532047, -43.4991712229279]]}",Burwood,Brooker Reserve,29
5b418df93d88413b6ca9dd6a,"{""type"": ""MultiPoint"", ""coordinates"": [[172.599853211704, -43.5569267932179]]}",Hoon Hay,Spreydon Riverbank Reserves,2913
5b418df93d88413b6ca9dd84,"{""type"": ""MultiPoint"", ""coordinates"": [[172.690159769828, -43.554589888615]]}",Woolston,Staunton Esplanade Reserve,2938
5b418df93d88413b6ca9dd94,"{""type"": ""MultiPoint"", ""coordinates"": [[172.717598222606, -43.5990195074103]]}",Lyttelton,Shackleton Reserve,2955
5b418df93d88413b6ca9dd95,"{""type"": ""MultiPoint"", ""coordinates"": [[172.581778428414, -43.5080966585748]]}",Burnside,Jellie Park,2956
5b418df93d88413b6ca9dda6,"{""type"": ""MultiPoint"", ""coordinates"": [[172.568490907446, -43.5046578483028]]}",Burnside,Memorial Ave Reserves,2971
5b418df93d88413b6ca9ddb6,"{""type"": ""MultiPoint"", ""coordinates"": [[172.607734909192, -43.5394085162726]]}",Addington,Christchurch Railway Station Reserve,2988
5b418dfa3d88413b6ca9ddf6,"{""type"": ""MultiPoint"", ""coordinates"": [[172.713601268864, -43.50997106477439]]}",Aranui,Farnborough Reserve,3047
5b418df93d88413b6ca9dd05,"{""type"": ""MultiPoint"", ""coordinates"": [[172.504271396616, -43.476659011985895]]}",Harewood,McLeans Grassland Park,2816
5b418df93d88413b6ca9dd2d,"{""type"": ""MultiPoint"", ""coordinates"": [[172.57285609446797, -43.5845572153984]]}",Halswell,Sparks Walkway,2855
5b418df93d88413b6ca9dd08,"{""type"": ""MultiPoint"", ""coordinates"": [[172.908556144951, -43.8115639343646]]}",Wainui,Wainui Wastewater Treatment Plant,2819
5b418df93d88413b6ca9dd2e,"{""type"": ""MultiPoint"", ""coordinates"": [[172.579157433091, -43.5823050724077]]}",Halswell,Sparks Road Landscape Reserve,2856
5b418df93d88413b6ca9dd35,"{""type"": ""MultiPoint"", ""coordinates"": [[172.608344906358, -43.5794911047371]]}",Hoon Hay Valley,Westmorland East Valley Reserve,2863
5b418df93d88413b6ca9dd12,"{""type"": ""MultiPoint"", ""coordinates"": [[172.522496836758, -43.5452827595296]]}",Hornby,Goulding Reserve,2829
5b418df93d88413b6ca9dd58,"{""type"": ""MultiPoint"", ""coordinates"": [[172.618994163438, -43.5705316747332]]}",Cashmere,Cashmere Riverbank Reserve,2895
5b418df93d88413b6ca9dd1c,"{""type"": ""MultiPoint"", ""coordinates"": [[172.564413075308, -43.5857097832431]]}",Halswell,Sovereign Gardens Reserve,2839
5b418df93d88413b6ca9dd5d,"{""type"": ""MultiPoint"", ""coordinates"": [[172.57960801405, -43.5555151136183]]}",Hillmorton,formerly Canterbury Park,2901
5b418df93d88413b6ca9dd73,"{""type"": ""MultiPoint"", ""coordinates"": [[172.626079244473, -43.6249511137185]]}",Lansdowne,Kennedys Bush,2922
5b418df93d88413b6ca9dd9d,"{""type"": ""MultiPoint"", ""coordinates"": [[172.603258753378, -43.521209476693]]}",Fendalton,Daresbury Park,2963
5b418df93d88413b6ca9dd4d,"{""type"": ""MultiPoint"", ""coordinates"": [[172.57739585363, -43.5642538632045]]}",Hillmorton,Aidanfield Reserve,2885
5b418df93d88413b6ca9ddb0,"{""type"": ""MultiPoint"", ""coordinates"": [[172.572031750421, -43.5054581768968]]}",Burnside,Grahams Road Berms,2980
5b418df93d88413b6ca9dd57,"{""type"": ""MultiPoint"", ""coordinates"": [[172.625552666679, -43.56814211476999]]}",Cashmere,Cashmere Riverbank Reserve,2894
5b418dfa3d88413b6ca9ddc5,"{""type"": ""MultiPoint"", ""coordinates"": [[172.667787649884, -43.491098583791995]]}",Westhaven,Ironwood Reserve,3000
5b418df93d88413b6ca9dd59,"{""type"": ""MultiPoint"", ""coordinates"": [[172.793382818937, -43.829208090018895]]}",Little River,Te Oka Reserve,2898
5b418dfa3d88413b6ca9ddd7,"{""type"": ""MultiPoint"", ""coordinates"": [[172.703504786733, -43.517489944435894]]}",Aranui,Aranui Playground,3019
5b418df93d88413b6ca9dd70,"{""type"": ""MultiPoint"", ""coordinates"": [[172.482364897288, -43.5104976860389]]}",Yaldhurst,Yaldhurst Bush,292
5b418dfa3d88413b6ca9ddda,"{""type"": ""MultiPoint"", ""coordinates"": [[172.662629004078, -43.5107331518424]]}",Richmond,Dudley Creek Riverbank,3021
5b418df93d88413b6ca9dd75,"{""type"": ""MultiPoint"", ""coordinates"": [[172.614220758127, -43.6334615417928]]}",Lansdowne,Kennedys Bush,2924
5b418dfa3d88413b6ca9ddec,"{""type"": ""MultiPoint"", ""coordinates"": [[172.693945143001, -43.4865123733132]]}",Travis,Travis Wetland,3038
5b418df93d88413b6ca9dd87,"{""type"": ""MultiPoint"", ""coordinates"": [[172.702137249031, -43.5579948757644]]}",Ferrymead,Ferry Esplanade Reserve,2940
5b418dfa3d88413b6ca9ddf2,"{""type"": ""MultiPoint"", ""coordinates"": [[172.684843565536, -43.5200541935379]]}",Wainoni,Cuffs Road Playground,3043
5b418df93d88413b6ca9dd8e,"{""type"": ""MultiPoint"", ""coordinates"": [[172.57181476343996, -43.4882593862757]]}",Harewood,Becmead Walkway,2949
5b418dfa3d88413b6ca9ddf9,"{""type"": ""MultiPoint"", ""coordinates"": [[172.74879176951, -43.5590427315721]]}",Southshore,Spit Reserve,3050
5b418df93d88413b6ca9ddb2,"{""type"": ""MultiPoint"", ""coordinates"": [[172.590165562725, -43.5320632398675]]}",Riccarton,Paeroa Reserve,2983
5b418dfa3d88413b6ca9ddd5,"{""type"": ""MultiPoint"", ""coordinates"": [[172.657457324351, -43.5312797714482]]}",Linwood,Doris Lusk Corner,3017
5b418dfa3d88413b6ca9dde1,"{""type"": ""MultiPoint"", ""coordinates"": [[172.674973740216, -43.4916698337501]]}",Westhaven,Lakewood Reserves,3028
5b418dfa3d88413b6ca9dde3,"{""type"": ""MultiPoint"", ""coordinates"": [[172.610259931297, -43.5012065849339]]}",Papanui,Reg Adams Courts,303
5b418dfa3d88413b6ca9dde6,"{""type"": ""MultiPoint"", ""coordinates"": [[172.676899535747, -43.4925543762881]]}",Westhaven,Lakewood Reserves,3032
5b418dfa3d88413b6ca9ddf7,"{""type"": ""MultiPoint"", ""coordinates"": [[172.714514863157, -43.5102973599433]]}",Aranui,Farnborough Reserve,3048
5b418df93d88413b6ca9dd19,"{""type"": ""MultiPoint"", ""coordinates"": [[172.550297698087, -43.5747911765488]]}",Wentworth Park,Alvaston Reserve,2836
5b418df93d88413b6ca9dd34,"{""type"": ""MultiPoint"", ""coordinates"": [[172.60142509744696, -43.5763592339025]]}",Westmorland,Brookford Reserve,2861
5b418df93d88413b6ca9dd52,"{""type"": ""MultiPoint"", ""coordinates"": [[172.534875785819, -43.547506124753795]]}",Hornby,Oakhampton Reserve,289
5b418df93d88413b6ca9dd55,"{""type"": ""MultiPoint"", ""coordinates"": [[172.544601103777, -43.512942757026]]}",Hyde Park,Greystoke Reserve,2892
5b418df93d88413b6ca9dd6b,"{""type"": ""MultiPoint"", ""coordinates"": [[172.596118266629, -43.5548489008526]]}",Hoon Hay,Spreydon Riverbank Reserves,2914
5b418df93d88413b6ca9dd6d,"{""type"": ""MultiPoint"", ""coordinates"": [[172.599579203936, -43.5570366851142]]}",Hoon Hay,Spreydon Domain,2916
5b418df93d88413b6ca9dd6f,"{""type"": ""MultiPoint"", ""coordinates"": [[172.6406244548, -43.5860114116463]]}",Cashmere,Elizabeth Park,2919
5b418df93d88413b6ca9dd83,"{""type"": ""MultiPoint"", ""coordinates"": [[172.68013186806, -43.5507894655953]]}",Woolston,Laura Kent Reserve,2937
5b418df93d88413b6ca9dd8f,"{""type"": ""MultiPoint"", ""coordinates"": [[172.570654331263, -43.4945739383164]]}",Burnside,Nepal Reserve,2950
5b418df93d88413b6ca9dd91,"{""type"": ""MultiPoint"", ""coordinates"": [[172.557758383227, -43.4960762206143]]}",Harewood,Stableford Reserve,2952
5b418df93d88413b6ca9dd97,"{""type"": ""MultiPoint"", ""coordinates"": [[172.585803768061, -43.5054991645431]]}",Bryndwr,Morley Reserve,2958
5b418df93d88413b6ca9dda8,"{""type"": ""MultiPoint"", ""coordinates"": [[172.569666805758, -43.5054288471094]]}",Burnside,Memorial Ave Reserves,2973
5b418df93d88413b6ca9ddb3,"{""type"": ""MultiPoint"", ""coordinates"": [[172.615797575274, -43.5158783259679]]}",Merivale,Merivale Reserve,2984
5b418dfa3d88413b6ca9ddcc,"{""type"": ""MultiPoint"", ""coordinates"": [[172.645975654271, -43.568148666529]]}",Huntsbury,Centaurus Reserve No. 1,3007
5b418dfa3d88413b6ca9ddd9,"{""type"": ""MultiPoint"", ""coordinates"": [[172.650975094853, -43.5267322322912]]}",Linwood,William Brittan,3020
5b418dfa3d88413b6ca9ddf0,"{""type"": ""MultiPoint"", ""coordinates"": [[172.70435666789098, -43.4973209818624]]}",New Brighton,Anzac Drive Reserve,3041
5b418dfa3d88413b6ca9ddfa,"{""type"": ""MultiPoint"", ""coordinates"": [[172.752142955007, -43.5559488534947]]}",Southshore,Spit Reserve,3051
5b418dfa3d88413b6ca9de02,"{""type"": ""MultiPoint"", ""coordinates"": [[172.637655950186, -43.5329654923104]]}",Central City,High Street Triangles,3059
5b418dfa3d88413b6ca9de27,"{""type"": ""MultiPoint"", ""coordinates"": [[172.641558959348, -43.527271608892]]}",Central City,Avon Riverbank Central City,3093
5b418dfa3d88413b6ca9de28,"{""type"": ""MultiPoint"", ""coordinates"": [[172.641961200466, -43.5274247643843]]}",Central City,Avon Riverbank Central City,3094
5b418dfa3d88413b6ca9de30,"{""type"": ""MultiPoint"", ""coordinates"": [[172.571108899641, -43.56425851454139]]}",Oaklands,Nash Reserve,3102
5b418dfa3d88413b6ca9de12,"{""type"": ""MultiPoint"", ""coordinates"": [[172.713288486206, -43.5067959717519]]}",Bexley,Jack Hinton Reserve,3074
5b418dfa3d88413b6ca9de25,"{""type"": ""MultiPoint"", ""coordinates"": [[172.637846345668, -43.5275341196339]]}",Central City,Avon Riverbank Central City,3091
5b418dfa3d88413b6ca9de34,"{""type"": ""MultiPoint"", ""coordinates"": [[172.682492041915, -43.5125868987815]]}",Wainoni,Avon Riverbank True Left,3106
5b418dfa3d88413b6ca9de2c,"{""type"": ""MultiPoint"", ""coordinates"": [[172.730885245898, -43.5060005085851]]}",New Brighton,New Brighton Beach Developed,3099
5b418dfa3d88413b6ca9de37,"{""type"": ""MultiPoint"", ""coordinates"": [[172.719483583377, -43.50782651422809]]}",New Brighton,Avon Riverbank True Left,3109
5b418dfa3d88413b6ca9de03,"{""type"": ""MultiPoint"", ""coordinates"": [[172.572859581538, -43.504197001225094]]}",Burnside,Parkham Reserve,306
5b418dfa3d88413b6ca9de07,"{""type"": ""MultiPoint"", ""coordinates"": [[172.633622311164, -43.5311342456604]]}",Central City,Scott Statue Reserve,3063
5b418dfa3d88413b6ca9de0b,"{""type"": ""MultiPoint"", ""coordinates"": [[172.64210250995697, -43.526846734638596]]}",Central City,Cambridge Reserve,3068
5b418dfa3d88413b6ca9de0e,"{""type"": ""MultiPoint"", ""coordinates"": [[172.647142119741, -43.522490514379]]}",Central City,Barbadoes Cemetery,3070
5b418dfa3d88413b6ca9de2e,"{""type"": ""MultiPoint"", ""coordinates"": [[172.569344133292, -43.563459141787696]]}",Oaklands,Nash Reserve,3100
5b418dfa3d88413b6ca9de10,"{""type"": ""MultiPoint"", ""coordinates"": [[172.548416415686, -43.5245399649806]]}",Avonhead,Withells Landscape Reserve,3072
5b418dfa3d88413b6ca9de13,"{""type"": ""MultiPoint"", ""coordinates"": [[172.567364471603, -43.562712941394096]]}",Oaklands,McMahon Reserve,3075
5b418dfa3d88413b6ca9de1f,"{""type"": ""MultiPoint"", ""coordinates"": [[172.633507484148, -43.5318227521846]]}",Central City,Avon Riverbank Central City,3086
5b418dfa3d88413b6ca9de2d,"{""type"": ""MultiPoint"", ""coordinates"": [[172.604344828413, -43.5322463394324]]}",Riccarton,Picton Reserve,310
5b418dfa3d88413b6ca9de1d,"{""type"": ""MultiPoint"", ""coordinates"": [[172.633221376503, -43.532558076802694]]}",Central City,Avon Riverbank Central City,3084
5b418dfa3d88413b6ca9de29,"{""type"": ""MultiPoint"", ""coordinates"": [[172.644474328477, -43.5258123270192]]}",Central City,Avon Riverbank Central City,3095
5b418dfa3d88413b6ca9de38,"{""type"": ""MultiPoint"", ""coordinates"": [[172.60529530262298, -43.5127391108368]]}",Bryndwr,Plynlimon Park,311
5b418dfa3d88413b6ca9de04,"{""type"": ""MultiPoint"", ""coordinates"": [[172.64067077318498, -43.535134949803]]}",Central City,High Street Triangles,3060
5b418dfa3d88413b6ca9de21,"{""type"": ""MultiPoint"", ""coordinates"": [[172.633532218609, -43.5305327007262]]}",Central City,Avon Riverbank Central City,3088
5b418dfa3d88413b6ca9de23,"{""type"": ""MultiPoint"", ""coordinates"": [[172.636277702521, -43.4924808825887]]}",Mairehau,Glenmoor School,309
5b418dfa3d88413b6ca9de31,"{""type"": ""MultiPoint"", ""coordinates"": [[172.563049678784, -43.5635959727016]]}",Oaklands,Nash Reserve,3103
5b418dfa3d88413b6ca9de33,"{""type"": ""MultiPoint"", ""coordinates"": [[172.671364199226, -43.5183070305695]]}",Dallington,Avon Riverbank True Left,3105
5b418dfa3d88413b6ca9de01,"{""type"": ""MultiPoint"", ""coordinates"": [[172.63340340249397, -43.5331251409518]]}",Central City,Bridge of Remembrance,3058
5b418dfa3d88413b6ca9de14,"{""type"": ""MultiPoint"", ""coordinates"": [[172.72710650371897, -43.494388793153]]}",New Brighton,North Beach,3076
5b418dfa3d88413b6ca9de16,"{""type"": ""MultiPoint"", ""coordinates"": [[172.62901048204, -43.5343085479473]]}",Central City,Avon Riverbank Central City,3078
5b418dfa3d88413b6ca9de1a,"{""type"": ""MultiPoint"", ""coordinates"": [[172.632179559419, -43.53406207960029]]}",Central City,Avon Riverbank Central City,3081
5b418dfa3d88413b6ca9ddfb,"{""type"": ""MultiPoint"", ""coordinates"": [[172.750791642751, -43.5568235401327]]}",Southshore,Spit Reserve,3052
5b418dfa3d88413b6ca9de24,"{""type"": ""MultiPoint"", ""coordinates"": [[172.63700335074, -43.526974193456795]]}",Central City,Avon Riverbank Central City,3090
5b418dfa3d88413b6ca9de0a,"{""type"": ""MultiPoint"", ""coordinates"": [[172.644149562251, -43.5256547319139]]}",Central City,Cambridge Reserve,3067
5b418dfa3d88413b6ca9de15,"{""type"": ""MultiPoint"", ""coordinates"": [[172.628297066015, -43.5343494789085]]}",Central City,Avon Riverbank Central City,3077
5b418dfa3d88413b6ca9de1c,"{""type"": ""MultiPoint"", ""coordinates"": [[172.633654941704, -43.5328448138253]]}",Central City,Avon Riverbank Central City,3083
5b418dfa3d88413b6ca9de35,"{""type"": ""MultiPoint"", ""coordinates"": [[172.689238293763, -43.500839258899994]]}",Burwood,Avon Riverbank True Left,3107
5b418dfa3d88413b6ca9de18,"{""type"": ""MultiPoint"", ""coordinates"": [[172.532294820472, -43.52907079536419]]}",Broomfield,Heidi Reserve,308
5b418dfa3d88413b6ca9de22,"{""type"": ""MultiPoint"", ""coordinates"": [[172.633439673196, -43.5301858765734]]}",Central City,Avon Riverbank Central City,3089
5b418dfa3d88413b6ca9de2f,"{""type"": ""MultiPoint"", ""coordinates"": [[172.57040939165, -43.564016256724]]}",Oaklands,Nash Reserve,3101
5b418dfa3d88413b6ca9de0d,"{""type"": ""MultiPoint"", ""coordinates"": [[172.570760543658, -43.5239310581044]]}",Ilam,Peer Reserve,307
5b418dfa3d88413b6ca9ddfd,"{""type"": ""MultiPoint"", ""coordinates"": [[172.668870800179, -43.52403121671959]]}",Avonside,Wilding Park,3054
5b418dfa3d88413b6ca9de19,"{""type"": ""MultiPoint"", ""coordinates"": [[172.631013819552, -43.534802161345894]]}",Central City,Avon Riverbank Central City,3080
5b418dfa3d88413b6ca9de2b,"{""type"": ""MultiPoint"", ""coordinates"": [[172.634975606188, -43.5275562035955]]}",Central City,Victoria Square,3097
5b418dfa3d88413b6ca9ddff,"{""type"": ""MultiPoint"", ""coordinates"": [[172.672038586235, -43.50693809075509]]}",Dallington,Burwood Park,3056
5b418dfa3d88413b6ca9de05,"{""type"": ""MultiPoint"", ""coordinates"": [[172.635257904476, -43.5331283547289]]}",Central City,City Mall,3061
5b418dfa3d88413b6ca9de06,"{""type"": ""MultiPoint"", ""coordinates"": [[172.637860739789, -43.5329070228393]]}",Central City,City Mall,3062
5b418dfa3d88413b6ca9de1e,"{""type"": ""MultiPoint"", ""coordinates"": [[172.633101038082, -43.5316898400563]]}",Central City,Avon Riverbank Central City,3085
5b418dfa3d88413b6ca9de36,"{""type"": ""MultiPoint"", ""coordinates"": [[172.705667572744, -43.5020667039029]]}",New Brighton,Avon Riverbank True Left,3108
5b418dfa3d88413b6ca9de00,"{""type"": ""MultiPoint"", ""coordinates"": [[172.66924369954899, -43.5067325041282]]}",Dallington,Burwood Park,3057
5b418dfa3d88413b6ca9de0f,"{""type"": ""MultiPoint"", ""coordinates"": [[172.74822832784, -43.5485227472681]]}",Southshore,Plover Reserve,3071
5b418dfa3d88413b6ca9de32,"{""type"": ""MultiPoint"", ""coordinates"": [[172.56728669597, -43.564341113051]]}",Oaklands,Nash Reserve,3104
5b418dfa3d88413b6ca9ddfc,"{""type"": ""MultiPoint"", ""coordinates"": [[172.71296259823, -43.8125216654956]]}",Little River,Birdlings Flat,3053
5b418dfa3d88413b6ca9de08,"{""type"": ""MultiPoint"", ""coordinates"": [[172.62415794464496, -43.5341712859156]]}",Central City,Nurses Memorial Chapel,3065
5b418dfa3d88413b6ca9de11,"{""type"": ""MultiPoint"", ""coordinates"": [[172.70672365689, -43.5032001863456]]}",Avondale,Hulverstone Reserve,3073
5b418dfa3d88413b6ca9de17,"{""type"": ""MultiPoint"", ""coordinates"": [[172.631040745316, -43.5344672426942]]}",Central City,Avon Riverbank Central City,3079
5b418dfa3d88413b6ca9de1b,"{""type"": ""MultiPoint"", ""coordinates"": [[172.632398343595, -43.5336996497372]]}",Central City,Avon Riverbank Central City,3082
5b418dfa3d88413b6ca9de20,"{""type"": ""MultiPoint"", ""coordinates"": [[172.633620664743, -43.5314082995499]]}",Central City,Avon Riverbank Central City,3087
5b418dfa3d88413b6ca9de26,"{""type"": ""MultiPoint"", ""coordinates"": [[172.63807310283798, -43.5280101434779]]}",Central City,Avon Riverbank Central City,3092
5b418dfa3d88413b6ca9de2a,"{""type"": ""MultiPoint"", ""coordinates"": [[172.644800574303, -43.5258608525805]]}",Central City,Avon Riverbank Central City,3096
5b418dfa3d88413b6ca9de39,"{""type"": ""MultiPoint"", ""coordinates"": [[172.72306726942298, -43.510502154152]]}",New Brighton,Avon Riverbank True Left,3110
5b418dfa3d88413b6ca9ddfe,"{""type"": ""MultiPoint"", ""coordinates"": [[172.671394311606, -43.524266734310594]]}",Avonside,Woodham Park,3055
5b418dfa3d88413b6ca9de09,"{""type"": ""MultiPoint"", ""coordinates"": [[172.648700020867, -43.5250730047156]]}",Central City,Walnut Tree Park,3066
5b418dfa3d88413b6ca9de0c,"{""type"": ""MultiPoint"", ""coordinates"": [[172.64402228295899, -43.522627224724694]]}",Central City,Moa Reserve,3069
5b418dfa3d88413b6ca9de3b,"{""type"": ""MultiPoint"", ""coordinates"": [[172.687793172863, -43.51538500884389]]}",Wainoni,Avon Riverbank True Right,3112
5b418dfa3d88413b6ca9de51,"{""type"": ""MultiPoint"", ""coordinates"": [[172.565972706283, -43.5237356006853]]}",Upper Riccarton,Corfe Reserve,3162
5b418dfa3d88413b6ca9de3e,"{""type"": ""MultiPoint"", ""coordinates"": [[172.704390778869, -43.501876474781]]}",Avondale,Avon Riverbank True Right,3115
5b418dfa3d88413b6ca9de61,"{""type"": ""MultiPoint"", ""coordinates"": [[172.748902811085, -43.6387669646198]]}",Diamond Harbour,Purau Foreshore,3177
5b418dfa3d88413b6ca9de79,"{""type"": ""MultiPoint"", ""coordinates"": [[172.749866287567, -43.5884273337259]]}",Clifton,Greenwood Park,3199
5b418dfa3d88413b6ca9de43,"{""type"": ""MultiPoint"", ""coordinates"": [[172.68881619224, -43.5728936666775]]}",Hillsborough,Duncan Park,312
5b418dfa3d88413b6ca9de7f,"{""type"": ""MultiPoint"", ""coordinates"": [[172.528991512921, -43.5219555111539]]}",Yaldhurst,Neathwest Reserve,3203
5b418dfa3d88413b6ca9de54,"{""type"": ""MultiPoint"", ""coordinates"": [[172.515723188098, -43.53994447850489]]}",Islington,Gilberthorpes Reserve,3165
5b418dfa3d88413b6ca9de81,"{""type"": ""MultiPoint"", ""coordinates"": [[172.609136181277, -43.4699552833611]]}",Styx,Sharnbrook Reserve,321
5b418dfa3d88413b6ca9de82,"{""type"": ""MultiPoint"", ""coordinates"": [[172.63785377828196, -43.5686674024982]]}",Cashmere,Remuera Reserve,322
5b418dfa3d88413b6ca9de7c,"{""type"": ""MultiPoint"", ""coordinates"": [[172.746641226951, -43.59330484505259]]}",Clifton,Rapanui Bush,3200
5b418dfa3d88413b6ca9de9e,"{""type"": ""MultiPoint"", ""coordinates"": [[172.967528350788, -43.8050896558589]]}",Akaroa,Akaroa Museum,3360
5b418dfa3d88413b6ca9dea8,"{""type"": ""MultiPoint"", ""coordinates"": [[172.63156454481, -43.5311095558825]]}",Central City,Te Pou Herenga Waka,3375
5b418dfa3d88413b6ca9deaf,"{""type"": ""MultiPoint"", ""coordinates"": [[172.692781248483, -43.472159089564094]]}",Parklands,Royal Park Reserve,340
5b418dfa3d88413b6ca9dec2,"{""type"": ""MultiPoint"", ""coordinates"": [[172.624842765694, -43.486684730669]]}",Redwood,Sarabande Reserve,348
5b418dfa3d88413b6ca9dec5,"{""type"": ""MultiPoint"", ""coordinates"": [[172.530120514483, -43.5238147399431]]}",Yaldhurst,Amdale Reserve,3482
5b418dfa3d88413b6ca9dec1,"{""type"": ""MultiPoint"", ""coordinates"": [[172.570670803834, -43.5738099095196]]}",Halswell,The Oaks Park,3479
5b418dfa3d88413b6ca9dec8,"{""type"": ""MultiPoint"", ""coordinates"": [[172.527643620488, -43.5255563185999]]}",Yaldhurst,Carradale Drainage Reserve,3485
5b418dfa3d88413b6ca9decd,"{""type"": ""MultiPoint"", ""coordinates"": [[172.60678918797, -43.4890053793112]]}",Papanui,Papanui Domain,349
5b418dfa3d88413b6ca9ded0,"{""type"": ""MultiPoint"", ""coordinates"": [[172.673241460028, -43.4707331647417]]}",Burwood,Bluestone Drainage Reserve,3492
5b418dfa3d88413b6ca9ded4,"{""type"": ""MultiPoint"", ""coordinates"": [[172.548717323828, -43.550182541873]]}",Hornby,Sir Henry Wigram Reserve,3496
5b418dfa3d88413b6ca9dee3,"{""type"": ""MultiPoint"", ""coordinates"": [[172.544375128149, -43.5569989562311]]}",Hornby,Kahurangi 2 Drainage Reserve,3509
5b418dfa3d88413b6ca9dee4,"{""type"": ""MultiPoint"", ""coordinates"": [[172.500681144095, -43.5096359058642]]}",Yaldhurst,Yaldhurst Domain,351
5b418dfa3d88413b6ca9de3f,"{""type"": ""MultiPoint"", ""coordinates"": [[172.708701027224, -43.5044520664791]]}",Aranui,Avon Riverbank True Right,3116
5b418dfa3d88413b6ca9de42,"{""type"": ""MultiPoint"", ""coordinates"": [[172.70187003899096, -43.5016154230547]]}",Avondale,Cedarwood Reserve,3119
5b418dfa3d88413b6ca9de47,"{""type"": ""MultiPoint"", ""coordinates"": [[172.66620852904, -43.4748687840485]]}",Burwood,Marshland Domain,315
5b418dfa3d88413b6ca9de7b,"{""type"": ""MultiPoint"", ""coordinates"": [[172.62401819520596, -43.4818014770578]]}",Redwood,Regency Reserve,320
5b418dfa3d88413b6ca9dec6,"{""type"": ""MultiPoint"", ""coordinates"": [[172.526975898634, -43.5241984669604]]}",Yaldhurst,Rannoch Drainage Reserve,3483
5b418dfa3d88413b6ca9de41,"{""type"": ""MultiPoint"", ""coordinates"": [[172.725830438884, -43.5125596578725]]}",Bexley,Avon Riverbank True Right,3118
5b418dfa3d88413b6ca9de50,"{""type"": ""MultiPoint"", ""coordinates"": [[172.571767358578, -43.506266686766494]]}",Burnside,Flay Park,3161
5b418dfa3d88413b6ca9de53,"{""type"": ""MultiPoint"", ""coordinates"": [[172.57031978284897, -43.5239651902147]]}",Ilam,Peer Reserve,3164
5b418dfa3d88413b6ca9de57,"{""type"": ""MultiPoint"", ""coordinates"": [[172.596673717412, -43.5550842805634]]}",Hoon Hay,Spreydon Riverbank Reserves,3168
5b418dfa3d88413b6ca9de69,"{""type"": ""MultiPoint"", ""coordinates"": [[172.942450209758, -43.7616877597282]]}",Duvauchelle,Robinsons Bay Regional Park,3184
5b418dfa3d88413b6ca9de70,"{""type"": ""MultiPoint"", ""coordinates"": [[172.964095030391, -43.8156142774771]]}",Akaroa,Kowhai Grove Esplanade Reserve,3190
5b418dfa3d88413b6ca9de77,"{""type"": ""MultiPoint"", ""coordinates"": [[172.714010292132, -43.55622362500709]]}",St Andrews Hill,The Brae,3197
5b418dfa3d88413b6ca9de8d,"{""type"": ""MultiPoint"", ""coordinates"": [[172.68599951779, -43.4930700519625]]}",Burwood,Robin Playground,334
5b418dfa3d88413b6ca9de8e,"{""type"": ""MultiPoint"", ""coordinates"": [[172.697471857282, -43.500935327209]]}",Burwood,Dixon Reserve,3340
5b418dfa3d88413b6ca9de96,"{""type"": ""MultiPoint"", ""coordinates"": [[172.733037084301, -43.5308500624008]]}",South New Brighton,Pleasant Point Domain,3352
5b418dfa3d88413b6ca9deb5,"{""type"": ""MultiPoint"", ""coordinates"": [[172.609752094688, -43.4763678556407]]}",Northcote,Marlene Reserve,343
5b418dfa3d88413b6ca9deb8,"{""type"": ""MultiPoint"", ""coordinates"": [[172.568771070805, -43.55868866828169]]}",Oaklands,Rosario Park,3458
5b418dfa3d88413b6ca9deba,"{""type"": ""MultiPoint"", ""coordinates"": [[172.566082729551, -43.558901108846]]}",Oaklands,Mariposa Corridor Reserve,3460
5b418dfa3d88413b6ca9debe,"{""type"": ""MultiPoint"", ""coordinates"": [[172.751946918481, -43.5645106637316]]}",Clifton,Shag Rock Reserve,3468
5b418dfa3d88413b6ca9dec3,"{""type"": ""MultiPoint"", ""coordinates"": [[172.571000364516, -43.5751632322194]]}",Halswell,Old Red Barn Drainage Reserve,3480
5b418dfa3d88413b6ca9dedb,"{""type"": ""MultiPoint"", ""coordinates"": [[172.548405165179, -43.5522770814926]]}",Hornby,George West Reserve,3501
5b418dfa3d88413b6ca9dee7,"{""type"": ""MultiPoint"", ""coordinates"": [[172.574227241989, -43.5550125399205]]}",Sockburn,Nga Puna Wai,3512
5b418dfa3d88413b6ca9de52,"{""type"": ""MultiPoint"", ""coordinates"": [[172.692229767128, -43.5314050748187]]}",Bromley,Ruru Lawn Cemetery,3163
5b418dfa3d88413b6ca9de59,"{""type"": ""MultiPoint"", ""coordinates"": [[172.660332280281, -43.5010882682546]]}",Shirley,Hammersley Park School,317
5b418dfa3d88413b6ca9de6b,"{""type"": ""MultiPoint"", ""coordinates"": [[172.967865745521, -43.7814546103398]]}",Akaroa,Takamatua Stream Esplanade Reserve,3186
5b418dfa3d88413b6ca9de7d,"{""type"": ""MultiPoint"", ""coordinates"": [[172.530580722327, -43.5226709014812]]}",Yaldhurst,Kilbrannan Reserve,3201
5b418dfa3d88413b6ca9de87,"{""type"": ""MultiPoint"", ""coordinates"": [[172.75285294399598, -43.5740110191222]]}",Richmond Hill,Sanscrit Reserve,331
5b418dfa3d88413b6ca9de89,"{""type"": ""MultiPoint"", ""coordinates"": [[172.680211004348, -43.55254639554649]]}",Woolston,Radley Park,333
5b418dfa3d88413b6ca9de94,"{""type"": ""MultiPoint"", ""coordinates"": [[172.750496098449, -43.5538493411761]]}",Southshore,Wimbrels Way Reserve,3349
5b418dfa3d88413b6ca9de9d,"{""type"": ""MultiPoint"", ""coordinates"": [[172.630871919322, -43.5312772775548]]}",Central City,Cowlishaw Mews,3359
5b418dfa3d88413b6ca9dea6,"{""type"": ""MultiPoint"", ""coordinates"": [[172.68506806723, -43.548924763311796]]}",Woolston,Glenroy Reserve,3370
5b418dfa3d88413b6ca9dea7,"{""type"": ""MultiPoint"", ""coordinates"": [[172.631734195557, -43.5317379915253]]}",Central City,Te Hononga,3374
5b418dfa3d88413b6ca9dea9,"{""type"": ""MultiPoint"", ""coordinates"": [[172.631769930044, -43.5317537969049]]}",Central City,Civic Building,3376
5b418dfa3d88413b6ca9dead,"{""type"": ""MultiPoint"", ""coordinates"": [[172.647461377022, -43.528037113851]]}",Central City,Chester Street East Reserve,3398
5b418dfa3d88413b6ca9dec7,"{""type"": ""MultiPoint"", ""coordinates"": [[172.526748364085, -43.52354061004069]]}",Yaldhurst,Glen Kerran Drainage Reserve,3484
5b418dfa3d88413b6ca9ded2,"{""type"": ""MultiPoint"", ""coordinates"": [[172.675095520059, -43.4720105486086]]}",Burwood,Lakebridge Drainage Reserve,3494
5b418dfa3d88413b6ca9ded8,"{""type"": ""MultiPoint"", ""coordinates"": [[172.570680836263, -43.5923098522308]]}",Halswell,Birchdale Reserve,35
5b418dfa3d88413b6ca9deda,"{""type"": ""MultiPoint"", ""coordinates"": [[172.545049571925, -43.55253852589869]]}",Hornby,Bennington 1 Drainage Reserve,3500
5b418dfa3d88413b6ca9dedf,"{""type"": ""MultiPoint"", ""coordinates"": [[172.54530612176598, -43.5546104322303]]}",Hornby,Mustang 3 Drainage Reserve,3505
5b418dfa3d88413b6ca9dee2,"{""type"": ""MultiPoint"", ""coordinates"": [[172.541802387774, -43.5557674159365]]}",Hornby,Kahurangi 1 Drainage Reserve,3508
5b418dfa3d88413b6ca9dee8,"{""type"": ""MultiPoint"", ""coordinates"": [[172.567290428451, -43.5547353478842]]}",Sockburn,Nga Puna Wai North,3513
5b418dfa3d88413b6ca9de3d,"{""type"": ""MultiPoint"", ""coordinates"": [[172.694280766115, -43.5021997382]]}",Avondale,Avon Riverbank True Right,3114
5b418dfa3d88413b6ca9de56,"{""type"": ""MultiPoint"", ""coordinates"": [[172.595478626262, -43.5545366849748]]}",Hoon Hay,Spreydon Riverbank Reserves,3167
5b418dfa3d88413b6ca9de46,"{""type"": ""MultiPoint"", ""coordinates"": [[172.663089338569, -43.5134292991248]]}",Richmond,Poulton Courts,313
5b418dfa3d88413b6ca9de5a,"{""type"": ""MultiPoint"", ""coordinates"": [[172.573599415986, -43.5761162097957]]}",Halswell,John Olliver Reserve,3170
5b418dfa3d88413b6ca9de64,"{""type"": ""MultiPoint"", ""coordinates"": [[172.550875577216, -43.5311539515466]]}",Upper Riccarton,Chokebore Reserve,318
5b418dfa3d88413b6ca9de65,"{""type"": ""MultiPoint"", ""coordinates"": [[172.90196698225296, -43.6799725837601]]}",Pigeon Bay,Pigeon Bay Boat Park,3180
5b418dfa3d88413b6ca9de6f,"{""type"": ""MultiPoint"", ""coordinates"": [[172.564110580416, -43.5812744405432]]}",Halswell,Rearsby Reserve,319
5b418dfa3d88413b6ca9de78,"{""type"": ""MultiPoint"", ""coordinates"": [[172.738230390474, -43.5893092237869]]}",Lyttelton,Greenwood Park,3198
5b418dfa3d88413b6ca9deb4,"{""type"": ""MultiPoint"", ""coordinates"": [[172.563290135915, -43.4943551543219]]}",Burnside,Roydvale School,342
5b418dfa3d88413b6ca9deeb,"{""type"": ""MultiPoint"", ""coordinates"": [[172.579603872317, -43.555478999411996]]}",Hillmorton,Nga Puna Wai,3516
5b418dfa3d88413b6ca9de66,"{""type"": ""MultiPoint"", ""coordinates"": [[173.035419889893, -43.7133662843136]]}",Okains Bay,Okains Bay Esplanade Reserve,3181
5b418dfa3d88413b6ca9de98,"{""type"": ""MultiPoint"", ""coordinates"": [[172.567301431328, -43.5622486492556]]}",Oaklands,Mt Magdala Cemetery,3354
5b418dfa3d88413b6ca9de99,"{""type"": ""MultiPoint"", ""coordinates"": [[172.632228165401, -43.5166095713781]]}",St Albans,Springfield Reserve,3355
5b418dfa3d88413b6ca9de9c,"{""type"": ""MultiPoint"", ""coordinates"": [[172.63213372453197, -43.5307321153188]]}",Central City,York House,3358
5b418dfa3d88413b6ca9de9f,"{""type"": ""MultiPoint"", ""coordinates"": [[172.616511773042, -43.5542550338184]]}",Spreydon,Barrington Bowling Club,3361
5b418dfa3d88413b6ca9dea0,"{""type"": ""MultiPoint"", ""coordinates"": [[172.647097695253, -43.561634738310495]]}",Beckenham,Southern Districts Cricket Club,3362
5b418dfa3d88413b6ca9dea4,"{""type"": ""MultiPoint"", ""coordinates"": [[172.723250886729, -43.603386997234]]}",Lyttelton,Sumner Road Gardens,3369
5b418dfa3d88413b6ca9deae,"{""type"": ""MultiPoint"", ""coordinates"": [[172.640475072038, -43.5082986558435]]}",St Albans,Berwick Reserve,34
5b418dfa3d88413b6ca9ded3,"{""type"": ""MultiPoint"", ""coordinates"": [[172.674881156246, -43.47151828462529]]}",Burwood,Timberlands Drainage Reserve,3495
5b418dfa3d88413b6ca9dee6,"{""type"": ""MultiPoint"", ""coordinates"": [[172.581032579002, -43.55129005828859]]}",Sockburn,Canterbury Agricultural Park,3511
5b418dfa3d88413b6ca9deec,"{""type"": ""MultiPoint"", ""coordinates"": [[172.574689373067, -43.5641582343686]]}",Hillmorton,Canice Reserve,3518
5b418dfa3d88413b6ca9deed,"{""type"": ""MultiPoint"", ""coordinates"": [[172.576303521562, -43.56244635691069]]}",Hillmorton,Fintan Reserve,3519
5b418dfa3d88413b6ca9de4c,"{""type"": ""MultiPoint"", ""coordinates"": [[172.632599005373, -43.52565137081099]]}",Central City,Victoria Triangles,3158
5b418dfa3d88413b6ca9de55,"{""type"": ""MultiPoint"", ""coordinates"": [[172.59521541980496, -43.5542722607576]]}",Hoon Hay,Spreydon Riverbank Reserves,3166
5b418dfa3d88413b6ca9de60,"{""type"": ""MultiPoint"", ""coordinates"": [[172.607046577137, -43.5222957311754]]}",Fendalton,Mona Vale,3176
5b418dfa3d88413b6ca9de86,"{""type"": ""MultiPoint"", ""coordinates"": [[172.64041787771197, -43.5076421805859]]}",St Albans,Berwick Courts,33
5b418dfa3d88413b6ca9dea2,"{""type"": ""MultiPoint"", ""coordinates"": [[172.546789316025, -43.516035946284994]]}",Russley,Russley Playcentre,3365
5b418dfa3d88413b6ca9dea5,"{""type"": ""MultiPoint"", ""coordinates"": [[172.628059885555, -43.530412531521]]}",Central City,Rolleston Avenue Carpark,337
5b418dfa3d88413b6ca9dec0,"{""type"": ""MultiPoint"", ""coordinates"": [[172.726942471001, -43.5712975724364]]}",Moncks Spur,Morten Settlement Reserve,3472
5b418dfa3d88413b6ca9ded6,"{""type"": ""MultiPoint"", ""coordinates"": [[172.549009428464, -43.55150875459729]]}",Hornby,Bennington 3 Drainage Reserve,3498
5b418dfa3d88413b6ca9de44,"{""type"": ""MultiPoint"", ""coordinates"": [[172.728728025116, -43.51749737687089]]}",New Brighton,Blighs Garden,3120
5b418dfa3d88413b6ca9de4d,"{""type"": ""MultiPoint"", ""coordinates"": [[172.633126206277, -43.43917197702919]]}",Belfast,Darroch Reserve,3159
5b418dfa3d88413b6ca9de71,"{""type"": ""MultiPoint"", ""coordinates"": [[172.964396667306, -43.815687171861]]}",Akaroa,Kowhai Grove Esplanade Reserve,3191
5b418dfa3d88413b6ca9de8c,"{""type"": ""MultiPoint"", ""coordinates"": [[172.625066952539, -43.5434794389753]]}",Addington,Baxters Drain,3335
5b418dfa3d88413b6ca9debb,"{""type"": ""MultiPoint"", ""coordinates"": [[172.569578384223, -43.5585684330125]]}",Oaklands,Mariposa Drainage Reserve,3462
5b418dfa3d88413b6ca9debd,"{""type"": ""MultiPoint"", ""coordinates"": [[172.602699883661, -43.5313256720295]]}",Riccarton,Clarence Reserve,3466
5b418dfa3d88413b6ca9dec4,"{""type"": ""MultiPoint"", ""coordinates"": [[172.570999402951, -43.5752999781072]]}",Halswell,Old Red Barn Drainage Reserve,3481
5b418dfa3d88413b6ca9dec9,"{""type"": ""MultiPoint"", ""coordinates"": [[172.674042299948, -43.4705852686243]]}",Burwood,Waitikiri Square,3486
5b418dfa3d88413b6ca9deca,"{""type"": ""MultiPoint"", ""coordinates"": [[172.670875971129, -43.4711215723839]]}",Burwood,Waterstock 1 Drainage Reserve,3487
5b418dfa3d88413b6ca9dede,"{""type"": ""MultiPoint"", ""coordinates"": [[172.54600260404496, -43.5532473061074]]}",Hornby,Mustang 2 Drainage Reserve,3504
5b418dfa3d88413b6ca9de3a,"{""type"": ""MultiPoint"", ""coordinates"": [[172.683001201584, -43.5173591404062]]}",Wainoni,Avon Riverbank True Right,3111
5b418dfa3d88413b6ca9de4f,"{""type"": ""MultiPoint"", ""coordinates"": [[172.618338573573, -43.4569620311546]]}",Belfast,Englefield Reserve,3160
5b418dfa3d88413b6ca9de58,"{""type"": ""MultiPoint"", ""coordinates"": [[172.597201037686, -43.5554642404589]]}",Hoon Hay,Spreydon Riverbank Reserves,3169
5b418dfa3d88413b6ca9de5f,"{""type"": ""MultiPoint"", ""coordinates"": [[172.713752651724, -43.5783407398863]]}",Heathcote,Scotts Valley Reserve,3175
5b418dfa3d88413b6ca9de6d,"{""type"": ""MultiPoint"", ""coordinates"": [[172.98162632346296, -43.8221401243337]]}",Akaroa,Misty Peaks Reserve,3188
5b418dfa3d88413b6ca9de6e,"{""type"": ""MultiPoint"", ""coordinates"": [[172.96352720129596, -43.8149952022558]]}",Akaroa,Kowhai Grove Esplanade Reserve,3189
5b418dfa3d88413b6ca9de74,"{""type"": ""MultiPoint"", ""coordinates"": [[172.705040633198, -43.5650774979765]]}",Heathcote,Ferrymead Park,3194
5b418dfa3d88413b6ca9de75,"{""type"": ""MultiPoint"", ""coordinates"": [[172.707296614418, -43.564223561079]]}",Heathcote,Ferrymead Park,3195
5b418dfa3d88413b6ca9de8a,"{""type"": ""MultiPoint"", ""coordinates"": [[172.7220331786, -43.573976762933896]]}",Mt Pleasant,Harakeke Reserve,3332
5b418dfa3d88413b6ca9de95,"{""type"": ""MultiPoint"", ""coordinates"": [[172.750583292172, -43.5538270237952]]}",Southshore,Whimbrels Way Reserve,335
5b418dfa3d88413b6ca9debf,"{""type"": ""MultiPoint"", ""coordinates"": [[172.72317435138, -43.5640546847274]]}",Mt Pleasant,Parnham Reserve,347
5b418dfa3d88413b6ca9dece,"{""type"": ""MultiPoint"", ""coordinates"": [[172.672385364569, -43.4708439386671]]}",Burwood,Waterstock 4 Drainage Reserve,3490
5b418dfa3d88413b6ca9dee9,"{""type"": ""MultiPoint"", ""coordinates"": [[172.584357598195, -43.5548098155567]]}",Hillmorton,Nga Puna Wai,3514
5b418dfa3d88413b6ca9de48,"{""type"": ""MultiPoint"", ""coordinates"": [[172.656922870916, -43.5521734517612]]}",Opawa,Acorn Reserve,3150
5b418dfa3d88413b6ca9de5d,"{""type"": ""MultiPoint"", ""coordinates"": [[172.69951750665996, -43.54952826314399]]}",Woolston,Charlesworth Reserve,3173
5b418dfa3d88413b6ca9de63,"{""type"": ""MultiPoint"", ""coordinates"": [[172.691846667598, -43.7331653119592]]}",Motukarara,Kaituna Valley Streamside,3179
5b418dfa3d88413b6ca9de73,"{""type"": ""MultiPoint"", ""coordinates"": [[172.970391734307, -43.81040339568119]]}",Akaroa,Watson Reserve,3193
5b418dfa3d88413b6ca9de76,"{""type"": ""MultiPoint"", ""coordinates"": [[172.73235763286, -43.5683917101644]]}",Moncks Spur,Augusta Reserve,3196
5b418dfa3d88413b6ca9de7a,"{""type"": ""MultiPoint"", ""coordinates"": [[172.534966189976, -43.5442613604266]]}",Hornby,Bermuda Reserve,32
5b418dfa3d88413b6ca9deb2,"{""type"": ""MultiPoint"", ""coordinates"": [[172.613825921183, -43.56610007879189]]}",Spreydon,Pioneer Recreation and Sport Centre,3402
5b418dfa3d88413b6ca9deb7,"{""type"": ""MultiPoint"", ""coordinates"": [[172.570018409779, -43.5590380339379]]}",Oaklands,Nga Puna Wai SouthWest Entrance,3454
5b418dfa3d88413b6ca9debc,"{""type"": ""MultiPoint"", ""coordinates"": [[172.566796143364, -43.5595565473151]]}",Oaklands,Mariposa Park,3464
5b418dfa3d88413b6ca9ded5,"{""type"": ""MultiPoint"", ""coordinates"": [[172.549831082642, -43.5504906674439]]}",Hornby,Fanshaw Reserve,3497
5b418dfa3d88413b6ca9dedc,"{""type"": ""MultiPoint"", ""coordinates"": [[172.546897497672, -43.552781821765095]]}",Hornby,Kingsford Smith Reserve,3502
5b418dfa3d88413b6ca9dedd,"{""type"": ""MultiPoint"", ""coordinates"": [[172.546096164077, -43.5519315321544]]}",Hornby,Mustang 1 Drainage Reserve,3503
5b418dfa3d88413b6ca9dee0,"{""type"": ""MultiPoint"", ""coordinates"": [[172.54991603522, -43.5548378211292]]}",Hornby,Te Kahu Park,3506
5b418dfa3d88413b6ca9def1,"{""type"": ""MultiPoint"", ""coordinates"": [[172.573748436236, -43.5647318985715]]}",Hillmorton,Malachy Drainage Reserve,3522
5b418dfa3d88413b6ca9de40,"{""type"": ""MultiPoint"", ""coordinates"": [[172.717584708785, -43.5077444564401]]}",Bexley,Avon Riverbank True Right,3117
5b418dfa3d88413b6ca9de4b,"{""type"": ""MultiPoint"", ""coordinates"": [[172.631706393624, -43.5253903487525]]}",Central City,Victoria Triangles,3157
5b418dfa3d88413b6ca9de49,"{""type"": ""MultiPoint"", ""coordinates"": [[172.573924811724, -43.581869142132796]]}",Halswell,Halswell Domain,3151
5b418dfa3d88413b6ca9de67,"{""type"": ""MultiPoint"", ""coordinates"": [[172.804786330438, -43.7608258539223]]}",Little River,Little River Esplanade Reserve,3182
5b418dfa3d88413b6ca9de84,"{""type"": ""MultiPoint"", ""coordinates"": [[172.606417405286, -43.5294831707137]]}",Riccarton,Mandeville Reserve,328
5b418dfa3d88413b6ca9de85,"{""type"": ""MultiPoint"", ""coordinates"": [[172.577209214065, -43.532232397837]]}",Upper Riccarton,Auburn Reserve,329
5b418dfa3d88413b6ca9de88,"{""type"": ""MultiPoint"", ""coordinates"": [[172.555339220912, -43.57509292306919]]}",Oaklands,Ridder Reserve,332
5b418dfa3d88413b6ca9de8b,"{""type"": ""MultiPoint"", ""coordinates"": [[172.625088920605, -43.54463257561]]}",Addington,Baxters Drain,3334
5b418dfa3d88413b6ca9de90,"{""type"": ""MultiPoint"", ""coordinates"": [[172.52219197067296, -43.5245129582804]]}",Yaldhurst,Champagne Reserve,3343
5b418dfa3d88413b6ca9de93,"{""type"": ""MultiPoint"", ""coordinates"": [[172.749288916333, -43.6388102392613]]}",Diamond Harbour,Purau Picnic Reserve,3347
5b418dfa3d88413b6ca9de9a,"{""type"": ""MultiPoint"", ""coordinates"": [[172.614542521024, -43.4558855913982]]}",Belfast,Upper Kaputone Riverbank True Left,3356
5b418dfa3d88413b6ca9deab,"{""type"": ""MultiPoint"", ""coordinates"": [[172.601160304, -43.5459154420807]]}",Addington,CBS Canterbury Arena,3383
5b418dfa3d88413b6ca9deb1,"{""type"": ""MultiPoint"", ""coordinates"": [[172.704627608296, -43.4815542386598]]}",Queenspark,QEII Fitness at Parklands,3401
5b418dfa3d88413b6ca9deb3,"{""type"": ""MultiPoint"", ""coordinates"": [[172.582743453953, -43.50926953037019]]}",Burnside,Jellie Park Recreation and Sport Centre,3403
5b418dfa3d88413b6ca9decb,"{""type"": ""MultiPoint"", ""coordinates"": [[172.671459252958, -43.4711053425559]]}",Burwood,Waterstock 2 Drainage Reserve,3488
5b418dfa3d88413b6ca9deef,"{""type"": ""MultiPoint"", ""coordinates"": [[172.575427979409, -43.5616277638383]]}",Hillmorton,Heathcote Esplanade Reserve,3520
5b418dfa3d88413b6ca9de8f,"{""type"": ""MultiPoint"", ""coordinates"": [[172.66702966537397, -43.4431008799679]]}",Ouruhia,Styx Loop Conservation Park,3341
5b418dfa3d88413b6ca9de9b,"{""type"": ""MultiPoint"", ""coordinates"": [[172.703476788718, -43.5501843089751]]}",Bromley,Windsports Park,3357
5b418dfa3d88413b6ca9dea1,"{""type"": ""MultiPoint"", ""coordinates"": [[172.550956182627, -43.5311274211931]]}",Upper Riccarton,Chokebore Lodge,3363
5b418dfa3d88413b6ca9deac,"{""type"": ""MultiPoint"", ""coordinates"": [[172.616963206317, -43.5226241092844]]}",Merivale,Millbrook Reserve,339
5b418dfa3d88413b6ca9deb9,"{""type"": ""MultiPoint"", ""coordinates"": [[172.708012128464, -43.4976834000468]]}",New Brighton,Freeville School,346
5b418dfa3d88413b6ca9dee1,"{""type"": ""MultiPoint"", ""coordinates"": [[172.55464716857597, -43.5530507168449]]}",Hornby,Raukura Park,3507
5b418dfa3d88413b6ca9deee,"{""type"": ""MultiPoint"", ""coordinates"": [[172.696707084034, -43.5600344470646]]}",Heathcote,former Heathcote Valley Heritage Park,352
5b418dfa3d88413b6ca9de4a,"{""type"": ""MultiPoint"", ""coordinates"": [[172.630769598508, -43.524759654051]]}",Central City,Victoria Triangles,3156
5b418dfa3d88413b6ca9de3c,"{""type"": ""MultiPoint"", ""coordinates"": [[172.682974810553, -43.5061905992297]]}",Avondale,Avon Riverbank True Right,3113
5b418dfa3d88413b6ca9de4e,"{""type"": ""MultiPoint"", ""coordinates"": [[172.696370079692, -43.475144015919994]]}",Parklands,Queenspark Reserve,316
5b418dfa3d88413b6ca9de5b,"{""type"": ""MultiPoint"", ""coordinates"": [[172.589255143555, -43.6029448839123]]}",Halswell,Quarry Hill Reserve,3171
5b418dfa3d88413b6ca9de5c,"{""type"": ""MultiPoint"", ""coordinates"": [[172.686522670975, -43.5497355209022]]}",Woolston,Steam Wharf Stream Reserve,3172
5b418dfa3d88413b6ca9de6c,"{""type"": ""MultiPoint"", ""coordinates"": [[172.979863823846, -43.801089717256]]}",Akaroa,Grehan Stream Esplanade Reserve,3187
5b418dfa3d88413b6ca9de80,"{""type"": ""MultiPoint"", ""coordinates"": [[172.530987576355, -43.5220754489481]]}",Yaldhurst,Kilbrannan Reserve,3204
5b418dfa3d88413b6ca9de62,"{""type"": ""MultiPoint"", ""coordinates"": [[172.750735526102, -43.6402666257738]]}",Diamond Harbour,Purau Esplanade Reserve,3178
5b418dfa3d88413b6ca9de83,"{""type"": ""MultiPoint"", ""coordinates"": [[172.596940708518, -43.5034018904781]]}",Bryndwr,Resolution Courts,323
5b418dfa3d88413b6ca9de72,"{""type"": ""MultiPoint"", ""coordinates"": [[172.96842870415, -43.810888974978596]]}",Akaroa,Bercusson Reserve,3192
5b418dfa3d88413b6ca9deaa,"{""type"": ""MultiPoint"", ""coordinates"": [[172.705847208368, -43.5218800875019]]}",Aranui,Rosanna Reserve,338
5b418dfa3d88413b6ca9dea3,"{""type"": ""MultiPoint"", ""coordinates"": [[172.723358206888, -43.6036534883502]]}",Lyttelton,Baden Norris Reserve,3367
5b418dfa3d88413b6ca9deb6,"{""type"": ""MultiPoint"", ""coordinates"": [[172.608570933666, -43.5659615994415]]}",Hoon Hay,Rydal Reserve,345
5b418dfa3d88413b6ca9deb0,"{""type"": ""MultiPoint"", ""coordinates"": [[172.608837657178, -43.4913181325955]]}",Papanui,Graham Condon Recreation and Sport Centre,3400
5b418dfa3d88413b6ca9decf,"{""type"": ""MultiPoint"", ""coordinates"": [[172.672994202244, -43.4712085648558]]}",Burwood,Bluestone Drainage Reserve,3491
5b418dfa3d88413b6ca9decc,"{""type"": ""MultiPoint"", ""coordinates"": [[172.67190243567697, -43.4709830327206]]}",Burwood,Waterstock 3 Drainage Reserve,3489
5b418dfa3d88413b6ca9ded9,"{""type"": ""MultiPoint"", ""coordinates"": [[172.502345767321, -43.5101689040227]]}",Yaldhurst,Yaldhurst Model School,350
5b418dfa3d88413b6ca9ded1,"{""type"": ""MultiPoint"", ""coordinates"": [[172.67355600993, -43.47284902098029]]}",Burwood,Alpine View Drainage Reserve,3493
5b418dfa3d88413b6ca9def0,"{""type"": ""MultiPoint"", ""coordinates"": [[172.575792720783, -43.5618556353399]]}",Hillmorton,Euphrasie Reserve,3521
5b418dfa3d88413b6ca9deea,"{""type"": ""MultiPoint"", ""coordinates"": [[172.579938523888, -43.555996403986995]]}",Hillmorton,Nga Puna Wai,3515
5b418dfa3d88413b6ca9de45,"{""type"": ""MultiPoint"", ""coordinates"": [[172.726400845673, -43.52344086214289]]}",South New Brighton,Bridge Reserve,3121
5b418dfa3d88413b6ca9de5e,"{""type"": ""MultiPoint"", ""coordinates"": [[172.705074196314, -43.5739742595733]]}",Heathcote,Ferrymead Park,3174
5b418dfa3d88413b6ca9de68,"{""type"": ""MultiPoint"", ""coordinates"": [[172.70752083876, -43.8252767938421]]}",Birdlings Flat,Pump Station Reservoir PS1509 BF Lake Terrace Road WS,3183
5b418dfa3d88413b6ca9de6a,"{""type"": ""MultiPoint"", ""coordinates"": [[172.96836985107197, -43.781395010799095]]}",Akaroa,Takamatua Stream Esplanade Reserve,3185
5b418dfa3d88413b6ca9de7e,"{""type"": ""MultiPoint"", ""coordinates"": [[172.530867180179, -43.5210104481681]]}",Yaldhurst,Neathwest Reserve,3202
5b418dfa3d88413b6ca9de91,"{""type"": ""MultiPoint"", ""coordinates"": [[172.519336740645, -43.5228671041456]]}",Yaldhurst,Philippe Avenue Reserve,3345
5b418dfa3d88413b6ca9de92,"{""type"": ""MultiPoint"", ""coordinates"": [[172.619188234077, -43.5426672383464]]}",Addington,Cornelius O'Connor Reserve,3346
5b418dfa3d88413b6ca9de97,"{""type"": ""MultiPoint"", ""coordinates"": [[172.73436932792, -43.5333712139044]]}",South New Brighton,Jellicoe Park,3353
5b418dfa3d88413b6ca9ded7,"{""type"": ""MultiPoint"", ""coordinates"": [[172.54734428713, -43.55233558024019]]}",Hornby,Bennington 2 Drainage Reserve,3499
5b418dfa3d88413b6ca9dee5,"{""type"": ""MultiPoint"", ""coordinates"": [[172.547011588629, -43.5580591084284]]}",Hornby,Kahurangi 3 Drainage Reserve,3510
5b418dfa3d88413b6ca9df10,"{""type"": ""MultiPoint"", ""coordinates"": [[172.70112559720997, -43.522144295407]]}",Aranui,Shortland Reserve,360
5b418dfb3d88413b6ca9df17,"{""type"": ""MultiPoint"", ""coordinates"": [[172.692376615291, -43.5131475406183]]}",Wainoni,Shortland Playground,361
5b418dfa3d88413b6ca9df13,"{""type"": ""MultiPoint"", ""coordinates"": [[172.584061025367, -43.5806640225497]]}",Halswell,Eastman Wetlands,3603
5b418dfb3d88413b6ca9df1a,"{""type"": ""MultiPoint"", ""coordinates"": [[172.64823028800097, -43.5551703542019]]}",Sydenham,Heathcote Riverbank True Left South,3612
5b418dfb3d88413b6ca9df22,"{""type"": ""MultiPoint"", ""coordinates"": [[172.574682340999, -43.5265259999684]]}",Ilam,Siska Reserve,362
5b418dfb3d88413b6ca9df1d,"{""type"": ""MultiPoint"", ""coordinates"": [[172.657472181912, -43.55872548146209]]}",Opawa,Heathcote Riverbank True Left South,3615
5b418dfb3d88413b6ca9df2a,"{""type"": ""MultiPoint"", ""coordinates"": [[172.667042051806, -43.5534863036973]]}",Opawa,Heathcote Riverbank True Right South,3627
5b418dfb3d88413b6ca9df2c,"{""type"": ""MultiPoint"", ""coordinates"": [[172.679101451731, -43.5487673248215]]}",Woolston,Heathcote Riverbank True Right East,3629
5b418dfb3d88413b6ca9df24,"{""type"": ""MultiPoint"", ""coordinates"": [[172.648177722208, -43.56186607195739]]}",St Martins,Heathcote Riverbank True Right South,3621
5b418dfa3d88413b6ca9def2,"{""type"": ""MultiPoint"", ""coordinates"": [[172.576998450418, -43.59200511685789]]}",Halswell,Quarry View Drainage Reserve,3523
5b418dfa3d88413b6ca9def5,"{""type"": ""MultiPoint"", ""coordinates"": [[172.53964339445696, -43.5565808937198]]}",Hornby,Awatea South Basin 1 Drainage Reserve,3528
5b418dfa3d88413b6ca9def9,"{""type"": ""MultiPoint"", ""coordinates"": [[172.720431699447, -43.6019457027421]]}",Lyttelton,Albion Square,3533
5b418dfa3d88413b6ca9defd,"{""type"": ""MultiPoint"", ""coordinates"": [[172.563551974744, -43.5603340946831]]}",Oaklands,Somerville Corridor Reserve,3538
5b418dfa3d88413b6ca9df0e,"{""type"": ""MultiPoint"", ""coordinates"": [[172.561136343506, -43.5498391778536]]}",Hornby,Hayton Stream 1 Drainage Reserve,3598
5b418dfa3d88413b6ca9df00,"{""type"": ""MultiPoint"", ""coordinates"": [[172.54789727707, -43.5653810382086]]}",Oaklands,Carrs South Basin Drainage Reserve,3541
5b418dfb3d88413b6ca9df19,"{""type"": ""MultiPoint"", ""coordinates"": [[172.646793439195, -43.5647275777505]]}",Beckenham,Heathcote Riverbank True Left South,3611
5b418dfb3d88413b6ca9df27,"{""type"": ""MultiPoint"", ""coordinates"": [[172.659064043823, -43.55508999498329]]}",St Martins,Heathcote Riverbank True Right South,3624
5b418dfb3d88413b6ca9df1c,"{""type"": ""MultiPoint"", ""coordinates"": [[172.659375211339, -43.5551132720921]]}",Opawa,Heathcote Riverbank True Left South,3614
5b418dfb3d88413b6ca9df26,"{""type"": ""MultiPoint"", ""coordinates"": [[172.653881386143, -43.5526266171532]]}",St Martins,Heathcote Riverbank True Right South,3623
5b418dfb3d88413b6ca9df2d,"{""type"": ""MultiPoint"", ""coordinates"": [[172.626353331546, -43.5624819280591]]}",Somerfield,Hadfield Courts,363
5b418dfb3d88413b6ca9df30,"{""type"": ""MultiPoint"", ""coordinates"": [[172.680833672695, -43.5588487805923]]}",Woolston,Heathcote Riverbank True Left East,3632
5b418dfa3d88413b6ca9def8,"{""type"": ""MultiPoint"", ""coordinates"": [[172.544114734887, -43.55806830596009]]}",Hornby,Awatea South Basin 2 Drainage Reserve,3532
5b418dfa3d88413b6ca9def6,"{""type"": ""MultiPoint"", ""coordinates"": [[172.604103234522, -43.5811035390684]]}",Westmorland,Sedgewick Reserve,353
5b418dfb3d88413b6ca9df2f,"{""type"": ""MultiPoint"", ""coordinates"": [[172.690132281205, -43.561736682633494]]}",Woolston,Heathcote Riverbank True Right East,3631
5b418dfa3d88413b6ca9df06,"{""type"": ""MultiPoint"", ""coordinates"": [[172.521023649886, -43.5464605414579]]}",Hornby,South Hornby Primary School,357
5b418dfa3d88413b6ca9df07,"{""type"": ""MultiPoint"", ""coordinates"": [[172.690909989579, -43.5617482807886]]}",Woolston,Kennaway Drainage Reserve,3587
5b418dfa3d88413b6ca9df11,"{""type"": ""MultiPoint"", ""coordinates"": [[172.561733535822, -43.5503888072783]]}",Hornby,Hayton Stream 2 Drainage Reserve,3600
5b418dfb3d88413b6ca9df23,"{""type"": ""MultiPoint"", ""coordinates"": [[172.64526084362598, -43.5693659388182]]}",Huntsbury,Heathcote Riverbank True Right South,3620
5b418dfa3d88413b6ca9def4,"{""type"": ""MultiPoint"", ""coordinates"": [[172.605433930502, -43.4900498400673]]}",Papanui,Bridgestone Drainage Reserve,3526
5b418dfa3d88413b6ca9def7,"{""type"": ""MultiPoint"", ""coordinates"": [[172.54329117084598, -43.5576525413989]]}",Hornby,Awatea South Basin 1 Drainage Reserve,3530
5b418dfa3d88413b6ca9df04,"{""type"": ""MultiPoint"", ""coordinates"": [[172.70467875941597, -43.5051939214443]]}",Wainoni,Ripene Ma,3548
5b418dfa3d88413b6ca9df0f,"{""type"": ""MultiPoint"", ""coordinates"": [[172.556471939721, -43.57778003499559]]}",Oaklands,Westbrooke Park,36
5b418dfb3d88413b6ca9df16,"{""type"": ""MultiPoint"", ""coordinates"": [[172.64062112931, -43.5623120387169]]}",Beckenham,Heathcote Riverbank True Left South,3609
5b418dfb3d88413b6ca9df1b,"{""type"": ""MultiPoint"", ""coordinates"": [[172.653801243727, -43.5525071488325]]}",Opawa,Heathcote Riverbank True Left South,3613
5b418dfb3d88413b6ca9df28,"{""type"": ""MultiPoint"", ""coordinates"": [[172.657496902039, -43.5609643964724]]}",St Martins,Heathcote Riverbank True Right South,3625
5b418dfa3d88413b6ca9defa,"{""type"": ""MultiPoint"", ""coordinates"": [[172.619260111834, -43.5534923737596]]}",Spreydon,Barrington Park Accessway,3535
5b418dfb3d88413b6ca9df20,"{""type"": ""MultiPoint"", ""coordinates"": [[172.640469303848, -43.562346556342995]]}",Beckenham,Heathcote Riverbank True Right South,3618
5b418dfb3d88413b6ca9df29,"{""type"": ""MultiPoint"", ""coordinates"": [[172.666045609018, -43.5572980787638]]}",Opawa,Heathcote Riverbank True Right South,3626
5b418dfb3d88413b6ca9df2b,"{""type"": ""MultiPoint"", ""coordinates"": [[172.67306294061896, -43.5507574994441]]}",Woolston,Heathcote Riverbank True Right East,3628
5b418dfa3d88413b6ca9deff,"{""type"": ""MultiPoint"", ""coordinates"": [[172.550298982531, -43.5617942037034]]}",Oaklands,Carrs North Basin Drainage Reserve,3540
5b418dfa3d88413b6ca9df09,"{""type"": ""MultiPoint"", ""coordinates"": [[172.579313508962, -43.5782931289257]]}",Halswell,Milns Drainage Reserve,3589
5b418dfb3d88413b6ca9df18,"{""type"": ""MultiPoint"", ""coordinates"": [[172.639005452204, -43.5685322634553]]}",Beckenham,Heathcote Riverbank True Left South,3610
5b418dfb3d88413b6ca9df2e,"{""type"": ""MultiPoint"", ""coordinates"": [[172.67846733527597, -43.5549915753304]]}",Woolston,Heathcote Riverbank True Right East,3630
5b418dfa3d88413b6ca9def3,"{""type"": ""MultiPoint"", ""coordinates"": [[172.576609578537, -43.59132023545979]]}",Halswell,Quarry View Park,3524
5b418dfa3d88413b6ca9defc,"{""type"": ""MultiPoint"", ""coordinates"": [[172.61396212589398, -43.4891495620173]]}",Papanui,Withers Family Park,3537
5b418dfa3d88413b6ca9df08,"{""type"": ""MultiPoint"", ""coordinates"": [[172.693064498345, -43.5664561502102]]}",Woolston,Tunnel Road Drainage Reserve,3588
5b418dfa3d88413b6ca9defe,"{""type"": ""MultiPoint"", ""coordinates"": [[172.577952058785, -43.5604425344287]]}",Hillmorton,Templetons Esplanade Reserve,3539
5b418dfa3d88413b6ca9df05,"{""type"": ""MultiPoint"", ""coordinates"": [[172.56053137391, -43.5796947319033]]}",Oaklands,Shamrock Reserve,356
5b418dfa3d88413b6ca9df12,"{""type"": ""MultiPoint"", ""coordinates"": [[172.587791710482, -43.57834049391799]]}",Halswell,Eastman Wetlands,3602
5b418dfa3d88413b6ca9df14,"{""type"": ""MultiPoint"", ""coordinates"": [[172.591432983718, -43.5800540977947]]}",Halswell,Eastman Wetlands,3604
5b418dfa3d88413b6ca9defb,"{""type"": ""MultiPoint"", ""coordinates"": [[172.585792456257, -43.464703284253]]}",Belfast,Smacks Creek Esplanade Reserve,3536
5b418dfa3d88413b6ca9df0a,"{""type"": ""MultiPoint"", ""coordinates"": [[172.653550297497, -43.5075436129206]]}",Shirley,Shirley Primary School,359
5b418dfb3d88413b6ca9df15,"{""type"": ""MultiPoint"", ""coordinates"": [[172.591237538973, -43.582038697317]]}",Halswell,Eastman Wetlands,3605
5b418dfb3d88413b6ca9df1e,"{""type"": ""MultiPoint"", ""coordinates"": [[172.666473478557, -43.5542346351767]]}",Opawa,Heathcote Riverbank True Left South,3616
5b418dfb3d88413b6ca9df21,"{""type"": ""MultiPoint"", ""coordinates"": [[172.639889977669, -43.569905029104]]}",Cashmere,Heathcote Riverbank True Right South,3619
5b418dfb3d88413b6ca9df25,"{""type"": ""MultiPoint"", ""coordinates"": [[172.648431495552, -43.5551345128012]]}",St Martins,Heathcote Riverbank True Right South,3622
5b418dfb3d88413b6ca9df31,"{""type"": ""MultiPoint"", ""coordinates"": [[172.679334791191, -43.5553069420375]]}",Woolston,Heathcote Riverbank True Left East,3633
5b418dfa3d88413b6ca9df01,"{""type"": ""MultiPoint"", ""coordinates"": [[172.684406860677, -43.5476346034268]]}",Woolston,Charlotte Lane Park,3545
5b418dfa3d88413b6ca9df03,"{""type"": ""MultiPoint"", ""coordinates"": [[172.691571362723, -43.5456172791254]]}",Woolston,St Lukes East Drainage Reserve,3547
5b418dfa3d88413b6ca9df0c,"{""type"": ""MultiPoint"", ""coordinates"": [[172.65264174928396, -43.5306871213317]]}",Linwood,Worcester Pump Station Park,3592
5b418dfa3d88413b6ca9df0d,"{""type"": ""MultiPoint"", ""coordinates"": [[172.72952344649096, -43.5074085849433]]}",New Brighton,New Brighton Mall Playground,3593
5b418dfa3d88413b6ca9df02,"{""type"": ""MultiPoint"", ""coordinates"": [[172.692297706464, -43.54538763615899]]}",Woolston,St Florian Reserve,3546
5b418dfa3d88413b6ca9df0b,"{""type"": ""MultiPoint"", ""coordinates"": [[172.58569316577, -43.5790644228753]]}",Halswell,Eastman Wetlands,3591
5b418dfb3d88413b6ca9df1f,"{""type"": ""MultiPoint"", ""coordinates"": [[172.666723504701, -43.5534149256448]]}",Opawa,Heathcote Riverbank True Left South,3617
5b418dfb3d88413b6ca9df42,"{""type"": ""MultiPoint"", ""coordinates"": [[172.589064059873, -43.5447045586544]]}",Middleton,Marylands Reserve,37
5b418dfb3d88413b6ca9df67,"{""type"": ""MultiPoint"", ""coordinates"": [[172.552587088737, -43.5768158905861]]}",Halswell,McDermott Drainage Reserve,3784
5b418dfb3d88413b6ca9df86,"{""type"": ""MultiPoint"", ""coordinates"": [[172.546535651228, -43.574821375211094]]}",Halswell,Caulfield Drainage Reserve,3838
5b418dfb3d88413b6ca9df8e,"{""type"": ""MultiPoint"", ""coordinates"": [[172.543128480665, -43.5708193960146]]}",Halswell,Greenwich 1 Drainage Reserve,3846
5b418dfb3d88413b6ca9df91,"{""type"": ""MultiPoint"", ""coordinates"": [[172.561757940613, -43.5622531731082]]}",Oaklands,Bronco Park,3849
5b418dfb3d88413b6ca9df97,"{""type"": ""MultiPoint"", ""coordinates"": [[172.528436648312, -43.54563642418369]]}",Hornby,Helmore Park,388
5b418dfb3d88413b6ca9df9d,"{""type"": ""MultiPoint"", ""coordinates"": [[172.613564048205, -43.47942160695639]]}",Northcote,Northcote Primary School,394
5b418dfb3d88413b6ca9dfa0,"{""type"": ""MultiPoint"", ""coordinates"": [[172.52590613497, -43.526578390925195]]}",Hei Hei,Broomfield Common,398
5b418dfb3d88413b6ca9dfa2,"{""type"": ""MultiPoint"", ""coordinates"": [[172.63594373382998, -43.5515430318073]]}",Sydenham,Angus Courts,4
5b418dfb3d88413b6ca9dfad,"{""type"": ""MultiPoint"", ""coordinates"": [[172.756629692841, -43.576863175025395]]}",Sumner,Wakefield Reserve No. 2,411
5b418dfb3d88413b6ca9dfb1,"{""type"": ""MultiPoint"", ""coordinates"": [[172.645481969745, -43.5404649309038]]}",Sydenham,Washington Way Reserve,415
5b418dfb3d88413b6ca9dfb5,"{""type"": ""MultiPoint"", ""coordinates"": [[172.526602449408, -43.5376032687184]]}",Hornby,Hornby High School,420
5b418dfb3d88413b6ca9dfe3,"{""type"": ""MultiPoint"", ""coordinates"": [[172.489892943498, -43.5360944515917]]}",Templeton,Templeton Country Club,476
5b418dfb3d88413b6ca9df35,"{""type"": ""MultiPoint"", ""coordinates"": [[172.689127766638, -43.5553316838159]]}",Woolston,Heathcote Riverbank True Right East,3638
5b418dfb3d88413b6ca9df44,"{""type"": ""MultiPoint"", ""coordinates"": [[172.653756648032, -43.5219500045502]]}",Richmond,Te Pa o Rakaihautu,3705
5b418dfb3d88413b6ca9df5a,"{""type"": ""MultiPoint"", ""coordinates"": [[172.555022984178, -43.5589674773454]]}",Oaklands,Upper Heathcote Esplanade Reserve,3766
5b418dfb3d88413b6ca9df74,"{""type"": ""MultiPoint"", ""coordinates"": [[172.712691225356, -43.5587972521679]]}",St Andrews Hill,Te Awakura Reserve,380
5b418dfb3d88413b6ca9df79,"{""type"": ""MultiPoint"", ""coordinates"": [[172.561361205944, -43.55325121243259]]}",Hornby,Parera Park,3824
5b418dfb3d88413b6ca9df81,"{""type"": ""MultiPoint"", ""coordinates"": [[172.563588918108, -43.5536788817718]]}",Hornby,Putangitangi 2 Drainage Reserve,3831
5b418dfb3d88413b6ca9df95,"{""type"": ""MultiPoint"", ""coordinates"": [[172.679045462195, -43.5200596941953]]}",Avonside,Avon Park,386
5b418dfb3d88413b6ca9dfb6,"{""type"": ""MultiPoint"", ""coordinates"": [[172.521731124082, -43.5398266951931]]}",Islington,Kyle Park,421
5b418dfb3d88413b6ca9dfc0,"{""type"": ""MultiPoint"", ""coordinates"": [[172.530172444313, -43.5528105678574]]}",Hornby,Branston Park,435
5b418dfb3d88413b6ca9dfca,"{""type"": ""MultiPoint"", ""coordinates"": [[172.686534263662, -43.5254735615529]]}",Bromley,Sandilands,446
5b418dfb3d88413b6ca9dfcb,"{""type"": ""MultiPoint"", ""coordinates"": [[172.71157367216298, -43.5674350035908]]}",Heathcote,Cannon Hill Reserve,449
5b418dfb3d88413b6ca9dfde,"{""type"": ""MultiPoint"", ""coordinates"": [[172.522453834454, -43.53460196639949]]}",Hei Hei,Wycola Park,470
5b418dfb3d88413b6ca9dfe6,"{""type"": ""MultiPoint"", ""coordinates"": [[172.734851785945, -43.52232246022459]]}",South New Brighton,Bridgewater Courts,48
5b418dfb3d88413b6ca9df33,"{""type"": ""MultiPoint"", ""coordinates"": [[172.672682777374, -43.5506262640673]]}",Woolston,Heathcote Riverbank True Left East,3635
5b418dfb3d88413b6ca9df36,"{""type"": ""MultiPoint"", ""coordinates"": [[172.688305240654, -43.555769049354]]}",Woolston,Heathcote Riverbank True Right East,3639
5b418dfb3d88413b6ca9df3a,"{""type"": ""MultiPoint"", ""coordinates"": [[172.65555565366597, -43.5525671724533]]}",St Martins,Heathcote Riverbank True Right South,3645
5b418dfb3d88413b6ca9df62,"{""type"": ""MultiPoint"", ""coordinates"": [[172.548025491588, -43.573962542919]]}",Halswell,John Annan 1 Drainage Reserve,3778
5b418dfb3d88413b6ca9df70,"{""type"": ""MultiPoint"", ""coordinates"": [[172.53907642728, -43.5708282988464]]}",Halswell,Richmond Drainage Reserve,3797
5b418dfb3d88413b6ca9df77,"{""type"": ""MultiPoint"", ""coordinates"": [[172.556447031997, -43.5564243266573]]}",Hornby,Tautoru Park,3818
5b418dfb3d88413b6ca9df84,"{""type"": ""MultiPoint"", ""coordinates"": [[172.603699940149, -43.5847522766811]]}",Westmorland,Penruddock 2 Drainage Reserve,3835
5b418dfb3d88413b6ca9df96,"{""type"": ""MultiPoint"", ""coordinates"": [[172.59576714248496, -43.5474960771125]]}",Addington,Torrens Reserve,387
5b418dfb3d88413b6ca9dfae,"{""type"": ""MultiPoint"", ""coordinates"": [[172.754835147519, -43.5791779042841]]}",Sumner,Wakefield Reserve No. 1,412
5b418dfb3d88413b6ca9dfb4,"{""type"": ""MultiPoint"", ""coordinates"": [[172.577592654738, -43.5563353568366]]}",Sockburn,former Templetons Reserve,418
5b418dfb3d88413b6ca9dfbc,"{""type"": ""MultiPoint"", ""coordinates"": [[172.647007326444, -43.5005918646065]]}",St Albans,Westminster Park,427
5b418dfb3d88413b6ca9dfc5,"{""type"": ""MultiPoint"", ""coordinates"": [[172.707426441025, -43.5210983933747]]}",Aranui,Woodlands Playground,440
5b418dfb3d88413b6ca9dfc7,"{""type"": ""MultiPoint"", ""coordinates"": [[172.60104283589297, -43.5492664298958]]}",Addington,Cardigan Bay Reserve,442
5b418dfb3d88413b6ca9dfd2,"{""type"": ""MultiPoint"", ""coordinates"": [[172.66130266729098, -43.53170194431609]]}",Linwood,Hereford Playground,457
5b418dfb3d88413b6ca9dfe0,"{""type"": ""MultiPoint"", ""coordinates"": [[172.534102761267, -43.5546239573223]]}",Hornby,Oakley Reserve,472
5b418dfb3d88413b6ca9df4a,"{""type"": ""MultiPoint"", ""coordinates"": [[172.559658446726, -43.5068744711414]]}",Avonhead,Strathean Reserve,372
5b418dfb3d88413b6ca9df52,"{""type"": ""MultiPoint"", ""coordinates"": [[172.626814074831, -43.5597489918028]]}",Somerfield,Somerfield Community Centre,375
5b418dfb3d88413b6ca9df55,"{""type"": ""MultiPoint"", ""coordinates"": [[172.549034201185, -43.5582843208585]]}",Hornby,Upper Heathcote Esplanade Reserve,3761
5b418dfb3d88413b6ca9df64,"{""type"": ""MultiPoint"", ""coordinates"": [[172.549831242385, -43.5769398262943]]}",Halswell,Hedge Drainage Reserve,3781
5b418dfb3d88413b6ca9df7b,"{""type"": ""MultiPoint"", ""coordinates"": [[172.561037703831, -43.5537433428682]]}",Hornby,Parera Park,3826
5b418dfb3d88413b6ca9df7c,"{""type"": ""MultiPoint"", ""coordinates"": [[172.560782491056, -43.552992357896]]}",Hornby,Parera Park,3827
5b418dfb3d88413b6ca9df83,"{""type"": ""MultiPoint"", ""coordinates"": [[172.602892588906, -43.5845854000912]]}",Westmorland,Penruddock 1 Drainage Reserve,3834
5b418dfb3d88413b6ca9dfa8,"{""type"": ""MultiPoint"", ""coordinates"": [[172.641412698456, -43.56201961074509]]}",Beckenham,Waimea Reserve,407
5b418dfb3d88413b6ca9dfac,"{""type"": ""MultiPoint"", ""coordinates"": [[172.515760540374, -43.546818961902595]]}",Hornby,Waitohi Reserve,410
5b418dfb3d88413b6ca9dfbe,"{""type"": ""MultiPoint"", ""coordinates"": [[172.624783174921, -43.4800217978486]]}",Redwood,Norrie Park,432
5b418dfb3d88413b6ca9dfc9,"{""type"": ""MultiPoint"", ""coordinates"": [[172.53699700503597, -43.5305299592937]]}",Riccarton Park,Zenith Reserve,444
5b418dfb3d88413b6ca9dfd0,"{""type"": ""MultiPoint"", ""coordinates"": [[172.677708063743, -43.5612352143931]]}",Hillsborough,Curries Reserve,455
5b418dfb3d88413b6ca9df3b,"{""type"": ""MultiPoint"", ""coordinates"": [[172.656884685031, -43.5528418713318]]}",St Martins,Heathcote Riverbank True Right South,3646
5b418dfb3d88413b6ca9df3e,"{""type"": ""MultiPoint"", ""coordinates"": [[172.71032001814098, -43.5212497188289]]}",Aranui,Delamare Park,366
5b418dfb3d88413b6ca9df51,"{""type"": ""MultiPoint"", ""coordinates"": [[172.54781788939, -43.5566331417725]]}",Hornby,The Runway,3749
5b418dfb3d88413b6ca9df6d,"{""type"": ""MultiPoint"", ""coordinates"": [[172.543505885516, -43.5772689403929]]}",Halswell,Ishwar Ganda Drainage Reserve,3791
5b418dfb3d88413b6ca9dfa3,"{""type"": ""MultiPoint"", ""coordinates"": [[172.586105757689, -43.4892499141551]]}",Bishopdale,Bishopdale Mall Reserve,40
5b418dfb3d88413b6ca9dfba,"{""type"": ""MultiPoint"", ""coordinates"": [[172.46877925601098, -43.553628931223194]]}",Templeton,Runnymede Reserve,425
5b418dfb3d88413b6ca9dfc1,"{""type"": ""MultiPoint"", ""coordinates"": [[172.579881257932, -43.5601541692726]]}",Hillmorton,Wolsey Playground,436
5b418dfb3d88413b6ca9dfe1,"{""type"": ""MultiPoint"", ""coordinates"": [[172.644353843798, -43.5145778270446]]}",St Albans,Packe Reserve,473
5b418dfb3d88413b6ca9dfe5,"{""type"": ""MultiPoint"", ""coordinates"": [[172.697677278657, -43.4959584911845]]}",Burwood,Donnell Sports Park,478
5b418dfb3d88413b6ca9df41,"{""type"": ""MultiPoint"", ""coordinates"": [[172.689648757152, -43.5481881077231]]}",Woolston,St Lukes Reserve,369
5b418dfb3d88413b6ca9df3d,"{""type"": ""MultiPoint"", ""coordinates"": [[172.591418925849, -43.4638501876158]]}",Belfast,Springvale Gardens Reserve,365
5b418dfb3d88413b6ca9df5f,"{""type"": ""MultiPoint"", ""coordinates"": [[172.550222871887, -43.5598981238857]]}",Hornby,Platinum Drainage Reserve,3774
5b418dfb3d88413b6ca9df58,"{""type"": ""MultiPoint"", ""coordinates"": [[172.553364368909, -43.558548006265]]}",Oaklands,Upper Heathcote Esplanade Reserve,3764
5b418dfb3d88413b6ca9df5b,"{""type"": ""MultiPoint"", ""coordinates"": [[172.554603398615, -43.55896097383909]]}",Oaklands,Upper Heathcote Esplanade Reserve,3767
5b418dfb3d88413b6ca9df63,"{""type"": ""MultiPoint"", ""coordinates"": [[172.550184020024, -43.5752071299037]]}",Halswell,John Annan 2 Drainage Reserve,3779
5b418dfb3d88413b6ca9df69,"{""type"": ""MultiPoint"", ""coordinates"": [[172.55087406157497, -43.578259750463]]}",Halswell,Graycliffe Drainage Reserve,3787
5b418dfb3d88413b6ca9df6c,"{""type"": ""MultiPoint"", ""coordinates"": [[172.543695636784, -43.5771031218074]]}",Halswell,Ishwar Ganda Drainage Reserve,3790
5b418dfb3d88413b6ca9df6b,"{""type"": ""MultiPoint"", ""coordinates"": [[172.774615492144, -43.5723645197077]]}",Scarborough,Nicholson Park,379
5b418dfb3d88413b6ca9df73,"{""type"": ""MultiPoint"", ""coordinates"": [[172.58610681494, -43.4899128742815]]}",Bishopdale,Bishopdale Community Centre,38
5b418dfb3d88413b6ca9df7d,"{""type"": ""MultiPoint"", ""coordinates"": [[172.563246580829, -43.555264854167895]]}",Hornby,Putangitangi 2 Drainage Reserve,3828
5b418dfb3d88413b6ca9df92,"{""type"": ""MultiPoint"", ""coordinates"": [[172.62326650329297, -43.4554442505199]]}",Belfast,Tisch Reserve,385
5b418dfb3d88413b6ca9df8d,"{""type"": ""MultiPoint"", ""coordinates"": [[172.542889464932, -43.5710221893059]]}",Halswell,Greenwich 1 Drainage Reserve,3845
5b418dfb3d88413b6ca9dfa7,"{""type"": ""MultiPoint"", ""coordinates"": [[172.570708901253, -43.511743565189896]]}",Ilam,Westburn School,406
5b418dfb3d88413b6ca9df9c,"{""type"": ""MultiPoint"", ""coordinates"": [[172.705440806575, -43.5670249975429]]}",Heathcote,Ferrymead Park,393
5b418dfb3d88413b6ca9dfaa,"{""type"": ""MultiPoint"", ""coordinates"": [[172.570719782075, -43.4894065469932]]}",Harewood,Wairakei Reserve,409
5b418dfb3d88413b6ca9dfb2,"{""type"": ""MultiPoint"", ""coordinates"": [[172.640836562949, -43.4952215758935]]}",Mairehau,Wanaka Reserve,416
5b418dfb3d88413b6ca9dfb0,"{""type"": ""MultiPoint"", ""coordinates"": [[172.557305555911, -43.5762747972583]]}",Oaklands,Wales Kindergarten Reserve,414
5b418dfb3d88413b6ca9dfdf,"{""type"": ""MultiPoint"", ""coordinates"": [[172.608309333105, -43.5257542821146]]}",Riccarton,Mona Vale Ave Reserve,471
5b418dfb3d88413b6ca9dfb7,"{""type"": ""MultiPoint"", ""coordinates"": [[172.55654101503, -43.5365311258619]]}",Sockburn,Weaver Courts,422
5b418dfb3d88413b6ca9dfbb,"{""type"": ""MultiPoint"", ""coordinates"": [[172.645827671586, -43.500133515360396]]}",Mairehau,Mahars Playground,426
5b418dfb3d88413b6ca9dfe8,"{""type"": ""MultiPoint"", ""coordinates"": [[172.660468437753, -43.5043900541748]]}",Shirley,Sabina Playground,481
5b418dfb3d88413b6ca9dfc3,"{""type"": ""MultiPoint"", ""coordinates"": [[172.676356819558, -43.524922844189895]]}",Avonside,Linwood North Primary School,439
5b418dfb3d88413b6ca9dfc8,"{""type"": ""MultiPoint"", ""coordinates"": [[172.564284643601, -43.5291636129621]]}",Upper Riccarton,Upper Riccarton Domain,443
5b418dfb3d88413b6ca9dfd6,"{""type"": ""MultiPoint"", ""coordinates"": [[172.570629409178, -43.5891835204416]]}",Halswell,Halswell Courts,462
5b418dfb3d88413b6ca9dfe2,"{""type"": ""MultiPoint"", ""coordinates"": [[172.598976813694, -43.5040390761641]]}",Bryndwr,Pitcairn Playground,475
5b418dfb3d88413b6ca9df57,"{""type"": ""MultiPoint"", ""coordinates"": [[172.550622860993, -43.5587911982566]]}",Hornby,Upper Heathcote Esplanade Reserve,3763
5b418dfb3d88413b6ca9df6a,"{""type"": ""MultiPoint"", ""coordinates"": [[172.550643379923, -43.5784545611434]]}",Halswell,Graycliffe Drainage Reserve,3788
5b418dfb3d88413b6ca9df7e,"{""type"": ""MultiPoint"", ""coordinates"": [[172.564852260583, -43.5542795821065]]}",Hornby,Putangitangi 2 Drainage Reserve,3829
5b418dfb3d88413b6ca9df87,"{""type"": ""MultiPoint"", ""coordinates"": [[172.546685147084, -43.576007318487996]]}",Halswell,Caulfield Drainage Reserve,3839
5b418dfb3d88413b6ca9df9a,"{""type"": ""MultiPoint"", ""coordinates"": [[172.593496375559, -43.4858739579773]]}",Bishopdale,Tralee Reserve,390
5b418dfb3d88413b6ca9dfab,"{""type"": ""MultiPoint"", ""coordinates"": [[172.67207453288898, -43.5605611207065]]}",Hillsborough,Hillsborough Park,41
5b418dfb3d88413b6ca9dfb9,"{""type"": ""MultiPoint"", ""coordinates"": [[172.476507002694, -43.5119216018489]]}",Yaldhurst,Yaldhurst Cemetery,424
5b418dfb3d88413b6ca9dfc4,"{""type"": ""MultiPoint"", ""coordinates"": [[172.699090767314, -43.4833548061805]]}",Parklands,Bolero Reserve,44
5b418dfb3d88413b6ca9dfda,"{""type"": ""MultiPoint"", ""coordinates"": [[172.642648533691, -43.530945668177]]}",Central City,Latimer Square,466
5b418dfb3d88413b6ca9df53,"{""type"": ""MultiPoint"", ""coordinates"": [[172.627875098767, -43.5594243148976]]}",Somerfield,Somerfield Park,376
5b418dfb3d88413b6ca9df65,"{""type"": ""MultiPoint"", ""coordinates"": [[172.549717639932, -43.5772026359745]]}",Halswell,Hedge Drainage Reserve,3782
5b418dfb3d88413b6ca9df89,"{""type"": ""MultiPoint"", ""coordinates"": [[172.54644127291, -43.5762333089553]]}",Halswell,Caulfield Drainage Reserve,3840
5b418dfb3d88413b6ca9df8a,"{""type"": ""MultiPoint"", ""coordinates"": [[172.54647426292297, -43.576863418173]]}",Halswell,Caulfield Drainage Reserve,3841
5b418dfb3d88413b6ca9df8b,"{""type"": ""MultiPoint"", ""coordinates"": [[172.546344399343, -43.57550903834579]]}",Halswell,Caulfield Drainage Reserve,3842
5b418dfb3d88413b6ca9df90,"{""type"": ""MultiPoint"", ""coordinates"": [[172.54483923633, -43.5721671505261]]}",Halswell,Greenwich 2 Drainage Reserve,3848
5b418dfb3d88413b6ca9dfa6,"{""type"": ""MultiPoint"", ""coordinates"": [[172.572704877722, -43.5180140038934]]}",Ilam,Waimairi Community Centre,405
5b418dfb3d88413b6ca9dfaf,"{""type"": ""MultiPoint"", ""coordinates"": [[172.55922328976996, -43.57738554560069]]}",Oaklands,Wales Reserve,413
5b418dfb3d88413b6ca9dfcf,"{""type"": ""MultiPoint"", ""coordinates"": [[172.67775264040498, -43.5612402422463]]}",Hillsborough,Hillsborough Community Centre,453
5b418dfb3d88413b6ca9dfd1,"{""type"": ""MultiPoint"", ""coordinates"": [[172.665651228352, -43.49282120605589]]}",Westhaven,Fairway Reserve,456
5b418dfb3d88413b6ca9dfd3,"{""type"": ""MultiPoint"", ""coordinates"": [[172.611244807934, -43.566201506999]]}",Hoon Hay,Hoon Hay Scouts Reserve,458
5b418dfb3d88413b6ca9dfe4,"{""type"": ""MultiPoint"", ""coordinates"": [[172.666306176236, -43.48988350524]]}",Westhaven,Wilmington Reserve,477
5b418dfb3d88413b6ca9df3c,"{""type"": ""MultiPoint"", ""coordinates"": [[172.656543638744, -43.5529272617461]]}",St Martins,Heathcote Riverbank True Right South,3647
5b418dfb3d88413b6ca9df47,"{""type"": ""MultiPoint"", ""coordinates"": [[172.55888106387098, -43.5578282183302]]}",Hornby,Mackinder Drainage Reserve,3709
5b418dfb3d88413b6ca9df54,"{""type"": ""MultiPoint"", ""coordinates"": [[172.549116271286, -43.5580536387148]]}",Hornby,Upper Heathcote Esplanade Reserve,3760
5b418dfb3d88413b6ca9df5d,"{""type"": ""MultiPoint"", ""coordinates"": [[172.548004564519, -43.5585488374888]]}",Hornby,Dow Park,3771
5b418dfb3d88413b6ca9df5e,"{""type"": ""MultiPoint"", ""coordinates"": [[172.550063836841, -43.559859927352]]}",Hornby,Platinum Park,3773
5b418dfb3d88413b6ca9df66,"{""type"": ""MultiPoint"", ""coordinates"": [[172.543012619222, -43.5756049209468]]}",Halswell,Bamber Drainage Reserve,3783
5b418dfb3d88413b6ca9df78,"{""type"": ""MultiPoint"", ""coordinates"": [[172.593936732512, -43.5144174015997]]}",Fendalton,Waiwetu Reserve,382
5b418dfb3d88413b6ca9df80,"{""type"": ""MultiPoint"", ""coordinates"": [[172.56363392114, -43.5538246851083]]}",Hornby,Putangitangi 2 Drainage Reserve,3830
5b418dfb3d88413b6ca9df93,"{""type"": ""MultiPoint"", ""coordinates"": [[172.556996207254, -43.5638353259049]]}",Oaklands,Warhorse Drainage Reserve,3850
5b418dfb3d88413b6ca9df94,"{""type"": ""MultiPoint"", ""coordinates"": [[172.544126540459, -43.5786512170483]]}",Halswell,Noodlum Park,3851
5b418dfb3d88413b6ca9df99,"{""type"": ""MultiPoint"", ""coordinates"": [[172.586128487376, -43.4899005566369]]}",Bishopdale,Bishopdale Library,39
5b418dfb3d88413b6ca9df9e,"{""type"": ""MultiPoint"", ""coordinates"": [[172.635271268612, -43.4477264608918]]}",Belfast,Tyrone Reserve,395
5b418dfb3d88413b6ca9dfa5,"{""type"": ""MultiPoint"", ""coordinates"": [[172.648634975606, -43.54791255177779]]}",Waltham,Cecil Courts,403
5b418dfb3d88413b6ca9dfb3,"{""type"": ""MultiPoint"", ""coordinates"": [[172.696810028043, -43.5702342484018]]}",Heathcote,Warner Reserve,417
5b418dfb3d88413b6ca9dfbd,"{""type"": ""MultiPoint"", ""coordinates"": [[172.601973141605, -43.5773879323646]]}",Westmorland,Willowdell Reserve,430
5b418dfb3d88413b6ca9dfcc,"{""type"": ""MultiPoint"", ""coordinates"": [[172.644366584491, -43.5726299344739]]}",Cashmere,Sunvale Reserve,45
5b418dfb3d88413b6ca9dfce,"{""type"": ""MultiPoint"", ""coordinates"": [[172.533996706677, -43.5297617710062]]}",Riccarton Park,Cicada Reserve,451
5b418dfb3d88413b6ca9df3f,"{""type"": ""MultiPoint"", ""coordinates"": [[172.605261781024, -43.4978662529507]]}",Papanui,St James Park,367
5b418dfb3d88413b6ca9df40,"{""type"": ""MultiPoint"", ""coordinates"": [[172.685239241455, -43.5493389936262]]}",Woolston,St Johns Courts,368
5b418dfb3d88413b6ca9df56,"{""type"": ""MultiPoint"", ""coordinates"": [[172.550794849835, -43.5582324781194]]}",Hornby,Upper Heathcote Esplanade Reserve,3762
5b418dfb3d88413b6ca9df59,"{""type"": ""MultiPoint"", ""coordinates"": [[172.553391982025, -43.5588754918112]]}",Oaklands,Upper Heathcote Esplanade Reserve,3765
5b418dfb3d88413b6ca9df6f,"{""type"": ""MultiPoint"", ""coordinates"": [[172.53945084593, -43.5710324000964]]}",Halswell,Neil Graham Park,3796
5b418dfb3d88413b6ca9df7f,"{""type"": ""MultiPoint"", ""coordinates"": [[172.633507937123, -43.5642921382836]]}",Cashmere,Thorrington Reserve,383
5b418dfb3d88413b6ca9df8f,"{""type"": ""MultiPoint"", ""coordinates"": [[172.545032453773, -43.5720008070586]]}",Halswell,Greenwich 2 Drainage Reserve,3847
5b418dfb3d88413b6ca9dfa1,"{""type"": ""MultiPoint"", ""coordinates"": [[172.548992177623, -43.573007616770994]]}",Wentworth Park,Viceroy Reserve,399
5b418dfb3d88413b6ca9dfa4,"{""type"": ""MultiPoint"", ""coordinates"": [[172.567279827166, -43.5359673197123]]}",Upper Riccarton,Vicki Reserve,400
5b418dfb3d88413b6ca9dfa9,"{""type"": ""MultiPoint"", ""coordinates"": [[172.612572389798, -43.5771359635583]]}",Hoon Hay Valley,Waipara Playground,408
5b418dfb3d88413b6ca9dfdb,"{""type"": ""MultiPoint"", ""coordinates"": [[172.697977428323, -43.5483532126295]]}",Woolston,Ti Rakau Reserve,467
5b418dfb3d88413b6ca9dfe7,"{""type"": ""MultiPoint"", ""coordinates"": [[172.6369453925, -43.569465607763]]}",Cashmere,Rossmore Reserve,480
5b418dfb3d88413b6ca9df39,"{""type"": ""MultiPoint"", ""coordinates"": [[172.681384828277, -43.5569547870842]]}",Woolston,Heathcote Riverbank True Left East,3642
5b418dfb3d88413b6ca9df46,"{""type"": ""MultiPoint"", ""coordinates"": [[172.685596228152, -43.499870458727194]]}",Burwood,Waitakiri Primary School,3707
5b418dfb3d88413b6ca9df48,"{""type"": ""MultiPoint"", ""coordinates"": [[172.655789705469, -43.520532549612895]]}",Richmond,Richmond Playground,371
5b418dfb3d88413b6ca9df68,"{""type"": ""MultiPoint"", ""coordinates"": [[172.548863228704, -43.5791766943267]]}",Halswell,Belgrave Drainage Reserve,3786
5b418dfb3d88413b6ca9df76,"{""type"": ""MultiPoint"", ""coordinates"": [[172.54138066965598, -43.5722305609299]]}",Halswell,Aberdare Drainage Reserve,3801
5b418dfb3d88413b6ca9df7a,"{""type"": ""MultiPoint"", ""coordinates"": [[172.561292130183, -43.5533567345113]]}",Hornby,Parera Park,3825
5b418dfb3d88413b6ca9df85,"{""type"": ""MultiPoint"", ""coordinates"": [[172.546339950098, -43.5746405065346]]}",Halswell,Caulfield Drainage Reserve,3837
5b418dfb3d88413b6ca9dfd4,"{""type"": ""MultiPoint"", ""coordinates"": [[172.708503772451, -43.47416287210059]]}",Queenspark,Broadhaven Reserve,46
5b418dfb3d88413b6ca9dfdd,"{""type"": ""MultiPoint"", ""coordinates"": [[172.71908112515197, -43.5746977023091]]}",Mt Pleasant,Major Hornbrook Reserve No. 2,469
5b418dfb3d88413b6ca9df4d,"{""type"": ""MultiPoint"", ""coordinates"": [[172.547763671388, -43.5571459652348]]}",Hornby,Kahurangi 3 Drainage Reserve,3743
5b418dfb3d88413b6ca9df4e,"{""type"": ""MultiPoint"", ""coordinates"": [[172.548788057788, -43.5574286319563]]}",Hornby,Kahurangi 3 Drainage Reserve,3744
5b418dfb3d88413b6ca9df50,"{""type"": ""MultiPoint"", ""coordinates"": [[172.55155075414498, -43.5578306167334]]}",Hornby,Kahurangi 3 Drainage Reserve,3746
5b418dfb3d88413b6ca9df6e,"{""type"": ""MultiPoint"", ""coordinates"": [[172.540293891033, -43.573115641509]]}",Halswell,Kruger Drainage Reserve,3794
5b418dfb3d88413b6ca9df71,"{""type"": ""MultiPoint"", ""coordinates"": [[172.542368958767, -43.5717297770096]]}",Halswell,Monsanto Drainage Reserve,3798
5b418dfb3d88413b6ca9df98,"{""type"": ""MultiPoint"", ""coordinates"": [[172.575496809054, -43.484188641582094]]}",Bishopdale,Becmead Reserve,389
5b418dfb3d88413b6ca9dfd5,"{""type"": ""MultiPoint"", ""coordinates"": [[172.645430306555, -43.4936941744362]]}",Mairehau,Walter Park,461
5b418dfb3d88413b6ca9df43,"{""type"": ""MultiPoint"", ""coordinates"": [[172.657265450144, -43.535253160640494]]}",Linwood,Essex Reserve,370
5b418dfb3d88413b6ca9df34,"{""type"": ""MultiPoint"", ""coordinates"": [[172.690206759305, -43.5550582757977]]}",Woolston,Heathcote Riverbank True Right East,3637
5b418dfb3d88413b6ca9df4b,"{""type"": ""MultiPoint"", ""coordinates"": [[172.608150286333, -43.5231040504522]]}",Fendalton,Mona Vale,373
5b418dfb3d88413b6ca9df45,"{""type"": ""MultiPoint"", ""coordinates"": [[172.684052673157, -43.4893496728106]]}",Burwood,Waitakiri Primary School,3706
5b418dfb3d88413b6ca9df75,"{""type"": ""MultiPoint"", ""coordinates"": [[172.54116120867297, -43.5724215519908]]}",Halswell,Aberdare Drainage Reserve,3800
5b418dfb3d88413b6ca9df49,"{""type"": ""MultiPoint"", ""coordinates"": [[172.558095539086, -43.547125463143594]]}",Hornby,Pilkington Drainage Reserve,3711
5b418dfb3d88413b6ca9df8c,"{""type"": ""MultiPoint"", ""coordinates"": [[172.546018599554, -43.5747006395302]]}",Halswell,Caulfield Drainage Reserve,3843
5b418dfb3d88413b6ca9df4c,"{""type"": ""MultiPoint"", ""coordinates"": [[172.58590910539, -43.4818852411651]]}",Bishopdale,Stretton Reserve,374
5b418dfb3d88413b6ca9df9f,"{""type"": ""MultiPoint"", ""coordinates"": [[172.552587743368, -43.5732138609921]]}",Oaklands,Vanderbilt Reserve,397
5b418dfb3d88413b6ca9df4f,"{""type"": ""MultiPoint"", ""coordinates"": [[172.549026657482, -43.5574927903326]]}",Hornby,Kahurangi 3 Drainage Reserve,3745
5b418dfb3d88413b6ca9dfb8,"{""type"": ""MultiPoint"", ""coordinates"": [[172.63867451136497, -43.5554929834635]]}",Sydenham,Southey Reserve,423
5b418dfb3d88413b6ca9df5c,"{""type"": ""MultiPoint"", ""coordinates"": [[172.553360903252, -43.577070889432]]}",Halswell,Halswell Junction Drainage Reserve,3769
5b418dfb3d88413b6ca9dfc6,"{""type"": ""MultiPoint"", ""coordinates"": [[172.616726585613, -43.5749898670813]]}",Hoon Hay Valley,Worsleys Reserve,441
5b418dfb3d88413b6ca9df61,"{""type"": ""MultiPoint"", ""coordinates"": [[172.54649201327098, -43.57311844825939]]}",Halswell,John Annan Park,3777
5b418dfb3d88413b6ca9dfd7,"{""type"": ""MultiPoint"", ""coordinates"": [[172.644235614414, -43.5551851805236]]}",Sydenham,Regal Courts,463
5b418dfb3d88413b6ca9dfbf,"{""type"": ""MultiPoint"", ""coordinates"": [[172.617347034789, -43.4869916535135]]}",Redwood,Papanui Pool Reserve,433
5b418dfb3d88413b6ca9dfd9,"{""type"": ""MultiPoint"", ""coordinates"": [[172.558168658514, -43.5691547961259]]}",Westlake,Campion Reserve,465
5b418dfb3d88413b6ca9dfdc,"{""type"": ""MultiPoint"", ""coordinates"": [[172.744799541108, -43.5661453078798]]}",Moncks Bay,Yacht Club Reserve,468
5b418dfb3d88413b6ca9df32,"{""type"": ""MultiPoint"", ""coordinates"": [[172.68190759498899, -43.553150744066]]}",Woolston,Heathcote Riverbank True Left East,3634
5b418dfb3d88413b6ca9df37,"{""type"": ""MultiPoint"", ""coordinates"": [[172.5421445993, -43.545046129063]]}",Hornby,Sockburn School,364
5b418dfb3d88413b6ca9df38,"{""type"": ""MultiPoint"", ""coordinates"": [[172.681184490835, -43.5568589463022]]}",Woolston,Heathcote Riverbank True Left East,3641
5b418dfb3d88413b6ca9df60,"{""type"": ""MultiPoint"", ""coordinates"": [[172.547105824343, -43.5773393622872]]}",Halswell,Greenaway Park,3776
5b418dfb3d88413b6ca9df72,"{""type"": ""MultiPoint"", ""coordinates"": [[172.542597780654, -43.5718788925722]]}",Halswell,Monsanto Drainage Reserve,3799
5b418dfb3d88413b6ca9df82,"{""type"": ""MultiPoint"", ""coordinates"": [[172.60205802226497, -43.5858052447837]]}",Westmorland,Francis Mill Park,3833
5b418dfb3d88413b6ca9df88,"{""type"": ""MultiPoint"", ""coordinates"": [[172.623994169055, -43.456418551909]]}",Belfast,Foley Reserve,384
5b418dfb3d88413b6ca9df9b,"{""type"": ""MultiPoint"", ""coordinates"": [[172.756979477957, -43.5780259854925]]}",Sumner,Captain Thomas Courts,392
5b418dfb3d88413b6ca9dfc2,"{""type"": ""MultiPoint"", ""coordinates"": [[172.514712360582, -43.5435075278859]]}",Islington,Springmead Park,437
5b418dfb3d88413b6ca9dfcd,"{""type"": ""MultiPoint"", ""coordinates"": [[172.68232558843198, -43.495222552757895]]}",Burwood,Carlsen Reserve,450
5b418dfb3d88413b6ca9dfd8,"{""type"": ""MultiPoint"", ""coordinates"": [[172.692746839195, -43.5525984701841]]}",Woolston,Kotuku Reserve,464
5b418dfb3d88413b6ca9dfed,"{""type"": ""MultiPoint"", ""coordinates"": [[172.550903854668, -43.5437263642143]]}",Hornby,Vickerys Reserve,486
5b418dfb3d88413b6ca9dfeb,"{""type"": ""MultiPoint"", ""coordinates"": [[172.637892707521, -43.5350048864622]]}",Central City,Civic Offices,484
5b418dfb3d88413b6ca9dff4,"{""type"": ""MultiPoint"", ""coordinates"": [[172.733036555462, -43.5265569863538]]}",South New Brighton,South New Brighton School,493
5b418dfb3d88413b6ca9e00c,"{""type"": ""MultiPoint"", ""coordinates"": [[172.581766639127, -43.4964349540104]]}",Bishopdale,Halifax Reserve,523
5b418dfb3d88413b6ca9e00f,"{""type"": ""MultiPoint"", ""coordinates"": [[172.717048171607, -43.4960502939502]]}",North New Brighton,North New Brighton School,528
5b418dfb3d88413b6ca9e02f,"{""type"": ""MultiPoint"", ""coordinates"": [[172.538623832526, -43.5558740088281]]}",Hornby,Wilmers Esplanade Reserve,568
5b418dfb3d88413b6ca9e054,"{""type"": ""MultiPoint"", ""coordinates"": [[172.605796007683, -43.5043092315986]]}",Papanui,Waimairi School,609
5b418dfb3d88413b6ca9e058,"{""type"": ""MultiPoint"", ""coordinates"": [[172.554378020875, -43.5068811250762]]}",Avonhead,Briar Reserve,612
5b418dfb3d88413b6ca9e00a,"{""type"": ""MultiPoint"", ""coordinates"": [[172.591959390855, -43.519132919652]]}",Fendalton,Fendalton Park,521
5b418dfb3d88413b6ca9e00e,"{""type"": ""MultiPoint"", ""coordinates"": [[172.684294524804, -43.5160790116758]]}",Wainoni,Porritt Park,526
5b418dfb3d88413b6ca9e03d,"{""type"": ""MultiPoint"", ""coordinates"": [[172.597913364496, -43.5576100217845]]}",Hoon Hay,Manning Intermediate School,583
5b418dfb3d88413b6ca9e048,"{""type"": ""MultiPoint"", ""coordinates"": [[172.559281506511, -43.4993745492546]]}",Avonhead,Lavandula Reserve,594
5b418dfb3d88413b6ca9e04b,"{""type"": ""MultiPoint"", ""coordinates"": [[172.671572492689, -43.57244106472769]]}",Hillsborough,Montgomery Spur Reserve,598
5b418dfb3d88413b6ca9e057,"{""type"": ""MultiPoint"", ""coordinates"": [[172.553393863019, -43.5078674112305]]}",Avonhead,Westgrove Park,611
5b418dfb3d88413b6ca9e05c,"{""type"": ""MultiPoint"", ""coordinates"": [[172.726780980336, -43.513084228524]]}",New Brighton,Withells Island Reserve,616
5b418dfb3d88413b6ca9dfe9,"{""type"": ""MultiPoint"", ""coordinates"": [[172.653698948965, -43.5084735381653]]}",Richmond,Shirley Community Reserve,482
5b418dfb3d88413b6ca9dfef,"{""type"": ""MultiPoint"", ""coordinates"": [[172.761607975363, -43.5726862533193]]}",Sumner,GF Allan Courts,488
5b418dfb3d88413b6ca9dff5,"{""type"": ""MultiPoint"", ""coordinates"": [[172.715062549158, -43.5167633103869]]}",Bexley,Bexley Park,494
5b418dfb3d88413b6ca9dffe,"{""type"": ""MultiPoint"", ""coordinates"": [[172.59947828876, -43.52628328599]]}",Fendalton,Riccarton Bush,506
5b418dfb3d88413b6ca9e009,"{""type"": ""MultiPoint"", ""coordinates"": [[172.647263728854, -43.6015106425974]]}",Lyttelton,Thomson Scenic Reserve,520
5b418dfb3d88413b6ca9e02a,"{""type"": ""MultiPoint"", ""coordinates"": [[172.627214202766, -43.513795634681394]]}",St Albans,Cedar Park,560
5b418dfb3d88413b6ca9e051,"{""type"": ""MultiPoint"", ""coordinates"": [[172.689405116108, -43.5465159911338]]}",Woolston,Tamariki School,604
5b418dfb3d88413b6ca9dfff,"{""type"": ""MultiPoint"", ""coordinates"": [[172.641053802782, -43.53393468886169]]}",Central City,Bedford Row Carpark,507
5b418dfb3d88413b6ca9e003,"{""type"": ""MultiPoint"", ""coordinates"": [[172.724259979828, -43.52623888578779]]}",South New Brighton,Rat Island Reserve,514
5b418dfb3d88413b6ca9e008,"{""type"": ""MultiPoint"", ""coordinates"": [[172.554794461828, -43.5706132095013]]}",Westlake,Westlake Reserve,52
5b418dfb3d88413b6ca9e025,"{""type"": ""MultiPoint"", ""coordinates"": [[172.654267035331, -43.5419421042327]]}",Waltham,Lancaster Park,554
5b418dfb3d88413b6ca9e026,"{""type"": ""MultiPoint"", ""coordinates"": [[172.67982601415, -43.49626386856289]]}",Westhaven,Tangmere Reserve,555
5b418dfb3d88413b6ca9e03a,"{""type"": ""MultiPoint"", ""coordinates"": [[172.633988925503, -43.5237505877897]]}",Central City,Aldred Reserve,580
5b418dfb3d88413b6ca9e052,"{""type"": ""MultiPoint"", ""coordinates"": [[172.59398709325197, -43.5577485968478]]}",Hoon Hay,Hillmorton High School,607
5b418dfb3d88413b6ca9e066,"{""type"": ""MultiPoint"", ""coordinates"": [[172.618921516976, -43.5484889372657]]}",Spreydon,Addington School,628
5b418dfb3d88413b6ca9e000,"{""type"": ""MultiPoint"", ""coordinates"": [[172.590272396217, -43.492161447316]]}",Bishopdale,Armitage Reserve,508
5b418dfb3d88413b6ca9e010,"{""type"": ""MultiPoint"", ""coordinates"": [[172.673638578982, -43.5350983080985]]}",Linwood,Linwood Avenue School,529
5b418dfb3d88413b6ca9e01c,"{""type"": ""MultiPoint"", ""coordinates"": [[172.739251747325, -43.5656270876331]]}",Redcliffs,Barnett Park Sports Grounds,542
5b418dfb3d88413b6ca9e01e,"{""type"": ""MultiPoint"", ""coordinates"": [[172.730745147789, -43.5057100790656]]}",New Brighton,New Brighton Beach Playground,544
5b418dfb3d88413b6ca9e01f,"{""type"": ""MultiPoint"", ""coordinates"": [[172.726884686498, -43.4950886707594]]}",New Brighton,North New Brighton Community Centre,545
5b418dfb3d88413b6ca9e036,"{""type"": ""MultiPoint"", ""coordinates"": [[172.63852836752, -43.53279388679999]]}",Central City,Cashel Street Carpark,575
5b418dfb3d88413b6ca9e038,"{""type"": ""MultiPoint"", ""coordinates"": [[172.630588240612, -43.5276820713848]]}",Central City,Cranmer Square,579
5b418dfb3d88413b6ca9e039,"{""type"": ""MultiPoint"", ""coordinates"": [[172.681755193861, -43.5279474537077]]}",Bromley,Bromley Park,58
5b418dfb3d88413b6ca9dff2,"{""type"": ""MultiPoint"", ""coordinates"": [[172.638609080977, -43.5354990613655]]}",Central City,Tuam Street Carpark,491
5b418dfb3d88413b6ca9e001,"{""type"": ""MultiPoint"", ""coordinates"": [[172.56537675548398, -43.5738625918114]]}",Oaklands,Balcairn Reserve,511
5b418dfb3d88413b6ca9dffd,"{""type"": ""MultiPoint"", ""coordinates"": [[172.56162879124, -43.5703481092605]]}",Westlake,Lancewood Reserve,505
5b418dfb3d88413b6ca9e015,"{""type"": ""MultiPoint"", ""coordinates"": [[172.56807735334897, -43.5216589652297]]}",Ilam,Christchurch College Of Education,533
5b418dfb3d88413b6ca9e01b,"{""type"": ""MultiPoint"", ""coordinates"": [[172.73387553604098, -43.55686193709959]]}",Redcliffs,Redcliffs Park,541
5b418dfb3d88413b6ca9e027,"{""type"": ""MultiPoint"", ""coordinates"": [[172.615158104897, -43.5138241987528]]}",Merivale,Elmwood Normal School,557
5b418dfb3d88413b6ca9e049,"{""type"": ""MultiPoint"", ""coordinates"": [[172.558952797721, -43.51096861718799]]}",Avonhead,Merrin Primary School,595
5b418dfb3d88413b6ca9e04f,"{""type"": ""MultiPoint"", ""coordinates"": [[172.724018374724, -43.5082071281543]]}",New Brighton,Central New Brighton School,602
5b418dfb3d88413b6ca9e024,"{""type"": ""MultiPoint"", ""coordinates"": [[172.513360784788, -43.5547169740297]]}",Hornby,Shands Reserve,552
5b418dfb3d88413b6ca9e035,"{""type"": ""MultiPoint"", ""coordinates"": [[172.61987226323097, -43.547715674819]]}",Spreydon,Allison Courts,574
5b418dfb3d88413b6ca9e045,"{""type"": ""MultiPoint"", ""coordinates"": [[172.715492423061, -43.5623157653168]]}",St Andrews Hill,Mt Pleasant Primary School,590
5b418dfb3d88413b6ca9e05b,"{""type"": ""MultiPoint"", ""coordinates"": [[172.63016912905, -43.51366029423339]]}",St Albans,Abberley Park,615
5b418dfb3d88413b6ca9dfee,"{""type"": ""MultiPoint"", ""coordinates"": [[172.57200944649497, -43.5087148132621]]}",Ilam,Westburn Reserve,487
5b418dfb3d88413b6ca9e00d,"{""type"": ""MultiPoint"", ""coordinates"": [[172.569946981838, -43.5905864671269]]}",Halswell,Halswell School,524
5b418dfb3d88413b6ca9e013,"{""type"": ""MultiPoint"", ""coordinates"": [[172.62509000250398, -43.5655245548534]]}",Spreydon,Cashmere High School,531
5b418dfb3d88413b6ca9e020,"{""type"": ""MultiPoint"", ""coordinates"": [[172.641274412593, -43.528053979326494]]}",Central City,Elsie Locke Park,547
5b418dfb3d88413b6ca9e02b,"{""type"": ""MultiPoint"", ""coordinates"": [[172.67223827109, -43.5051406487145]]}",Shirley,Burwood Park,562
5b418dfb3d88413b6ca9e03e,"{""type"": ""MultiPoint"", ""coordinates"": [[172.705760681062, -43.5037552056966]]}",Avondale,Calbourne Courts,584
5b418dfb3d88413b6ca9e04d,"{""type"": ""MultiPoint"", ""coordinates"": [[172.61783747534, -43.5685217419671]]}",Spreydon,Cashmere View Rest Home and Hospital ,600
5b418dfb3d88413b6ca9e059,"{""type"": ""MultiPoint"", ""coordinates"": [[172.61974336853797, -43.4879089947464]]}",Redwood,Papanui Primary School,613
5b418dfb3d88413b6ca9e065,"{""type"": ""MultiPoint"", ""coordinates"": [[172.558544590545, -43.5178009110186]]}",Avonhead,Brigadoon Reserve,627
5b418dfb3d88413b6ca9dffc,"{""type"": ""MultiPoint"", ""coordinates"": [[172.616049478471, -43.5097401670084]]}",Merivale,Heaton Intermediate School,504
5b418dfb3d88413b6ca9e002,"{""type"": ""MultiPoint"", ""coordinates"": [[172.733385213606, -43.5279003873891]]}",South New Brighton,South New Brighton Park,512
5b418dfb3d88413b6ca9e011,"{""type"": ""MultiPoint"", ""coordinates"": [[172.630322248099, -43.516466226517295]]}",St Albans,Pickering Courts,53
5b418dfb3d88413b6ca9e019,"{""type"": ""MultiPoint"", ""coordinates"": [[172.617789591376, -43.5763751798283]]}",Hoon Hay Valley,Holmcroft Reserve,539
5b418dfb3d88413b6ca9e029,"{""type"": ""MultiPoint"", ""coordinates"": [[172.691906141272, -43.5384944980332]]}",Bromley,Bromley Old School Reserve,56
5b418dfb3d88413b6ca9e02d,"{""type"": ""MultiPoint"", ""coordinates"": [[172.677273285021, -43.5377320592289]]}",Linwood,Linwood Service Centre,565
5b418dfb3d88413b6ca9e034,"{""type"": ""MultiPoint"", ""coordinates"": [[172.653466479226, -43.4957030425968]]}",Shirley,former Birch Grove School,573
5b418dfb3d88413b6ca9e03b,"{""type"": ""MultiPoint"", ""coordinates"": [[172.664218560329, -43.55601565660099]]}",Opawa,Opawa Primary School,581
5b418dfb3d88413b6ca9e041,"{""type"": ""MultiPoint"", ""coordinates"": [[172.638539520932, -43.5803793898234]]}",Cashmere,Longhurst Reserve,587
5b418dfb3d88413b6ca9e043,"{""type"": ""MultiPoint"", ""coordinates"": [[172.610978905031, -43.5600342558395]]}",Spreydon,West Spreydon School,589
5b418dfb3d88413b6ca9e063,"{""type"": ""MultiPoint"", ""coordinates"": [[172.577061924658, -43.487009429896]]}",Bishopdale,Breens Intermediate School,623
5b418dfb3d88413b6ca9e064,"{""type"": ""MultiPoint"", ""coordinates"": [[172.68736838580998, -43.5082286392279]]}",Avondale,Avondale Playground,624
5b418dfb3d88413b6ca9dfea,"{""type"": ""MultiPoint"", ""coordinates"": [[172.57015133690996, -43.50479844871549]]}",Burnside,Thurleston Reserve,483
5b418dfb3d88413b6ca9e007,"{""type"": ""MultiPoint"", ""coordinates"": [[172.700170070777, -43.5479466859859]]}",Bromley,Te Huingi Manu Wildlife Reserve,519
5b418dfb3d88413b6ca9e032,"{""type"": ""MultiPoint"", ""coordinates"": [[172.701334132931, -43.5152064672422]]}",Wainoni,Aranui Primary School,571
5b418dfb3d88413b6ca9e033,"{""type"": ""MultiPoint"", ""coordinates"": [[172.702425326765, -43.5852933714502]]}",Heathcote,Castle Rock Reserve,572
5b418dfb3d88413b6ca9e03c,"{""type"": ""MultiPoint"", ""coordinates"": [[172.757416131695, -43.5860385501769]]}",Scarborough,Scarborough Hill Reserve,582
5b418dfb3d88413b6ca9e023,"{""type"": ""MultiPoint"", ""coordinates"": [[172.720266011375, -43.4936129031944]]}",North New Brighton,Sea Eagles Reserve,551
5b418dfb3d88413b6ca9e044,"{""type"": ""MultiPoint"", ""coordinates"": [[172.674726873577, -43.5329926309361]]}",Linwood,Eastgate Mall,59
5b418dfb3d88413b6ca9e046,"{""type"": ""MultiPoint"", ""coordinates"": [[172.747166471112, -43.5445607479813]]}",South New Brighton,Southshore Beach Park,592
5b418dfb3d88413b6ca9e053,"{""type"": ""MultiPoint"", ""coordinates"": [[172.776333389254, -43.5792051856546]]}",Scarborough,Giants Nose,608
5b418dfb3d88413b6ca9e060,"{""type"": ""MultiPoint"", ""coordinates"": [[172.684179299573, -43.4893488721583]]}",Burwood,Windsor School,62
5b418dfb3d88413b6ca9e068,"{""type"": ""MultiPoint"", ""coordinates"": [[172.699906701054, -43.4555104007782]]}",Burwood,Bottle Lake Forest,63
5b418dfb3d88413b6ca9dfec,"{""type"": ""MultiPoint"", ""coordinates"": [[172.580130518346, -43.49164047988249]]}",Bishopdale,Grant Armstrong Park,485
5b418dfb3d88413b6ca9e01a,"{""type"": ""MultiPoint"", ""coordinates"": [[172.70047413906096, -43.5015789735188]]}",Avondale,Cedarwood Reserve,540
5b418dfb3d88413b6ca9e028,"{""type"": ""MultiPoint"", ""coordinates"": [[172.56265976431, -43.5034358292298]]}",Avonhead,Burnside Park,559
5b418dfb3d88413b6ca9e03f,"{""type"": ""MultiPoint"", ""coordinates"": [[172.65316075099997, -43.571783625609]]}",Huntsbury,Vista Reserve,585
5b418dfb3d88413b6ca9e040,"{""type"": ""MultiPoint"", ""coordinates"": [[172.582338170658, -43.4925374850637]]}",Bishopdale,Isleworth School,586
5b418dfb3d88413b6ca9e05a,"{""type"": ""MultiPoint"", ""coordinates"": [[172.644458906623, -43.5311736400153]]}",Central City,former Emmanuel Christian School,614
5b418dfb3d88413b6ca9e067,"{""type"": ""MultiPoint"", ""coordinates"": [[172.477146103496, -43.5119547270913]]}",Yaldhurst,Rimu Park,629
5b418dfb3d88413b6ca9dff6,"{""type"": ""MultiPoint"", ""coordinates"": [[172.71749685147697, -43.5133205695383]]}",Bexley,Bexley Expressway Reserve,495
5b418dfb3d88413b6ca9dff8,"{""type"": ""MultiPoint"", ""coordinates"": [[172.709451427491, -43.57943327718489]]}",Heathcote,Heathcote School,50
5b418dfb3d88413b6ca9dffa,"{""type"": ""MultiPoint"", ""coordinates"": [[172.55572010212, -43.5385940188428]]}",Sockburn,Sockburn Service Centre,501
5b418dfb3d88413b6ca9e005,"{""type"": ""MultiPoint"", ""coordinates"": [[172.593276105556, -43.4977274670071]]}",Bryndwr,Edgar Macintosh Park,516
5b418dfb3d88413b6ca9e00b,"{""type"": ""MultiPoint"", ""coordinates"": [[172.61828654482, -43.534509556896595]]}",Central City,Hagley Park South,522
5b418dfb3d88413b6ca9e018,"{""type"": ""MultiPoint"", ""coordinates"": [[172.59257263347496, -43.48166723759]]}",Bishopdale,Highsted Reserve,538
5b418dfb3d88413b6ca9e02c,"{""type"": ""MultiPoint"", ""coordinates"": [[172.628410509676, -43.5278923951445]]}",Central City,The Cathedral Grammar School,564
5b418dfb3d88413b6ca9e02e,"{""type"": ""MultiPoint"", ""coordinates"": [[172.647686801885, -43.5494308920145]]}",Waltham,Waltham School,567
5b418dfb3d88413b6ca9e055,"{""type"": ""MultiPoint"", ""coordinates"": [[172.624812594103, -43.5455749243237]]}",Addington,Ruskin Reserve,61
5b418dfb3d88413b6ca9e05f,"{""type"": ""MultiPoint"", ""coordinates"": [[172.469715621047, -43.5505166163311]]}",Templeton,Templeton Domain,619
5b418dfb3d88413b6ca9dffb,"{""type"": ""MultiPoint"", ""coordinates"": [[172.699197694437, -43.5113291908506]]}",Wainoni,Wainoni Park,502
5b418dfb3d88413b6ca9e004,"{""type"": ""MultiPoint"", ""coordinates"": [[172.760321909776, -43.5774802957575]]}",Sumner,St Leonards Park,515
5b418dfb3d88413b6ca9e021,"{""type"": ""MultiPoint"", ""coordinates"": [[172.722423035176, -43.4845746465954]]}",North Beach,Broad Park,55
5b418dfb3d88413b6ca9e030,"{""type"": ""MultiPoint"", ""coordinates"": [[172.542436617109, -43.5343140972266]]}",Riccarton Park,Buchanans Reserve,57
5b418dfb3d88413b6ca9e031,"{""type"": ""MultiPoint"", ""coordinates"": [[172.619704746824, -43.57494551039429]]}",Cashmere,Bengal Reserve,570
5b418dfb3d88413b6ca9e037,"{""type"": ""MultiPoint"", ""coordinates"": [[172.587916349559, -43.4829287526952]]}",Bishopdale,Cotswold School,578
5b418dfb3d88413b6ca9e04e,"{""type"": ""MultiPoint"", ""coordinates"": [[172.586674288096, -43.5622669050557]]}",Hoon Hay,Rowley Avenue School,601
5b418dfb3d88413b6ca9dff0,"{""type"": ""MultiPoint"", ""coordinates"": [[172.708120883525, -43.5802340942412]]}",Heathcote,Heathcote Domain,49
5b418dfb3d88413b6ca9dff9,"{""type"": ""MultiPoint"", ""coordinates"": [[172.685418356946, -43.5402658330239]]}",Bromley,Bromley Cemetery,500
5b418dfb3d88413b6ca9e014,"{""type"": ""MultiPoint"", ""coordinates"": [[172.690210976671, -43.5365004227768]]}",Bromley,Ruru Lawn Cemetery,532
5b418dfb3d88413b6ca9e01d,"{""type"": ""MultiPoint"", ""coordinates"": [[172.731777177038, -43.5069278922064]]}",New Brighton,New Brighton Beach,543
5b418dfb3d88413b6ca9e047,"{""type"": ""MultiPoint"", ""coordinates"": [[172.67304383636997, -43.5295395403604]]}",North Linwood,Linwood Intermediate School,593
5b418dfb3d88413b6ca9e04c,"{""type"": ""MultiPoint"", ""coordinates"": [[172.591751338531, -43.5042544278461]]}",Bryndwr,Aorangi Courts,6
5b418dfb3d88413b6ca9e05d,"{""type"": ""MultiPoint"", ""coordinates"": [[172.669072848544, -43.5663219525529]]}",Hillsborough,Alderson Reserve,617
5b418dfb3d88413b6ca9e061,"{""type"": ""MultiPoint"", ""coordinates"": [[172.610591931178, -43.5472603905107]]}",Addington,Addington Park,620
5b418dfb3d88413b6ca9dff1,"{""type"": ""MultiPoint"", ""coordinates"": [[172.674263535572, -43.5284349351513]]}",North Linwood,Worcester Reserve,490
5b418dfb3d88413b6ca9dff3,"{""type"": ""MultiPoint"", ""coordinates"": [[172.63181595708897, -43.5237479894428]]}",Central City,Airedale Courts,492
5b418dfb3d88413b6ca9dff7,"{""type"": ""MultiPoint"", ""coordinates"": [[172.62715474562, -43.542981309073]]}",Addington,Braddon Reserve,5
5b418dfb3d88413b6ca9e006,"{""type"": ""MultiPoint"", ""coordinates"": [[172.63427092964696, -43.5292570603689]]}",Central City,Canterbury Provincial Council Reserve,517
5b418dfb3d88413b6ca9e012,"{""type"": ""MultiPoint"", ""coordinates"": [[172.646330520601, -43.5617196553046]]}",Beckenham,Beckenham Park,530
5b418dfb3d88413b6ca9e016,"{""type"": ""MultiPoint"", ""coordinates"": [[172.57768418529, -43.4914154877003]]}",Bishopdale,Twyford Reserve,534
5b418dfb3d88413b6ca9e017,"{""type"": ""MultiPoint"", ""coordinates"": [[172.611595531494, -43.5116232893186]]}",Merivale,Elmwood Park,536
5b418dfb3d88413b6ca9e022,"{""type"": ""MultiPoint"", ""coordinates"": [[172.656310510483, -43.5117321711026]]}",Richmond,Petrie Park,550
5b418dfb3d88413b6ca9e042,"{""type"": ""MultiPoint"", ""coordinates"": [[172.665797134691, -43.556751758262]]}",Opawa,Louisson Courts,588
5b418dfb3d88413b6ca9e04a,"{""type"": ""MultiPoint"", ""coordinates"": [[172.69618263762, -43.473617660805]]}",Parklands,Queenspark School,597
5b418dfb3d88413b6ca9e050,"{""type"": ""MultiPoint"", ""coordinates"": [[172.605691732591, -43.5652179467729]]}",Hoon Hay,Hoon Hay School,603
5b418dfb3d88413b6ca9e056,"{""type"": ""MultiPoint"", ""coordinates"": [[172.603241307984, -43.4830886204924]]}",Casebrook,Casebrook Intermediate School,610
5b418dfb3d88413b6ca9e05e,"{""type"": ""MultiPoint"", ""coordinates"": [[172.628278793565, -43.5473592985956]]}",Addington,Antigua Reserve,618
5b418dfb3d88413b6ca9e062,"{""type"": ""MultiPoint"", ""coordinates"": [[172.617705390565, -43.5548960339454]]}",Spreydon,Barrington Park,621
5b418dfc3d88413b6ca9e0a6,"{""type"": ""MultiPoint"", ""coordinates"": [[172.52706743238, -43.541833043685]]}",Hornby,Hornby Railway Reserve,70
5b418dfb3d88413b6ca9e075,"{""type"": ""MultiPoint"", ""coordinates"": [[172.76994880819, -43.5728281150061]]}",Sumner,Scarborough Beach,642
5b418dfc3d88413b6ca9e0ad,"{""type"": ""MultiPoint"", ""coordinates"": [[172.615260693728, -43.492534563360294]]}",Papanui,Shearer Playground,707
5b418dfc3d88413b6ca9e0b9,"{""type"": ""MultiPoint"", ""coordinates"": [[172.774215085854, -43.5853502287554]]}",Scarborough,Taylors Mistake Beach,718
5b418dfc3d88413b6ca9e0bc,"{""type"": ""MultiPoint"", ""coordinates"": [[172.683646389626, -43.5463364263896]]}",Woolston,Thistledown Reserve,721
5b418dfc3d88413b6ca9e0cb,"{""type"": ""MultiPoint"", ""coordinates"": [[172.59650043480897, -43.490831092522896]]}",Papanui,Harewood Courts,736
5b418dfc3d88413b6ca9e0d2,"{""type"": ""MultiPoint"", ""coordinates"": [[172.688261178391, -43.5513173462356]]}",Woolston,Palinurus Reserve,743
5b418dfb3d88413b6ca9e089,"{""type"": ""MultiPoint"", ""coordinates"": [[172.663967366, -43.4094718642474]]}",Brooklands,Kainga Hall Reserve,668
5b418dfb3d88413b6ca9e09f,"{""type"": ""MultiPoint"", ""coordinates"": [[172.608382198023, -43.4970867999379]]}",Papanui,Papanui Memorial Reserve,691
5b418dfc3d88413b6ca9e0af,"{""type"": ""MultiPoint"", ""coordinates"": [[172.617204094335, -43.5488615057502]]}",Spreydon,Simeon Park,709
5b418dfc3d88413b6ca9e0b3,"{""type"": ""MultiPoint"", ""coordinates"": [[172.662381344835, -43.5967605617405]]}",Lyttelton,Scott Scenic Reserve,712
5b418dfb3d88413b6ca9e093,"{""type"": ""MultiPoint"", ""coordinates"": [[172.62090498535096, -43.5222293199242]]}",Merivale,Carlton Mill Riverbank,68
5b418dfc3d88413b6ca9e0d3,"{""type"": ""MultiPoint"", ""coordinates"": [[172.574544378323, -43.5165927137333]]}",Ilam,Ray Blank Park,744
5b418dfc3d88413b6ca9e0d8,"{""type"": ""MultiPoint"", ""coordinates"": [[172.63176800264196, -43.449180174109]]}",Belfast,Ballymena Reserve,750
5b418dfb3d88413b6ca9e06c,"{""type"": ""MultiPoint"", ""coordinates"": [[172.64718367817, -43.5478923394196]]}",Waltham,Tommy Taylor Courts,633
5b418dfb3d88413b6ca9e071,"{""type"": ""MultiPoint"", ""coordinates"": [[172.623745758805, -43.4278757249523]]}",Belfast,Coutts Island War Memorial Reserve,639
5b418dfb3d88413b6ca9e077,"{""type"": ""MultiPoint"", ""coordinates"": [[172.665673600941, -43.5406152800634]]}",Linwood,Edmonds Park,645
5b418dfb3d88413b6ca9e084,"{""type"": ""MultiPoint"", ""coordinates"": [[172.767207715462, -43.5757264439281]]}",Scarborough,Bernie Hansen Reserve,661
5b418dfb3d88413b6ca9e08b,"{""type"": ""MultiPoint"", ""coordinates"": [[172.518064724421, -43.5592821984896]]}",Hornby,Klondyke Reserve,671
5b418dfb3d88413b6ca9e091,"{""type"": ""MultiPoint"", ""coordinates"": [[172.667762936844, -43.4932593690005]]}",Westhaven,Lytham Reserve,677
5b418dfb3d88413b6ca9e09d,"{""type"": ""MultiPoint"", ""coordinates"": [[172.637026537743, -43.5412666779867]]}",Sydenham,Carlyle Reserve,69
5b418dfc3d88413b6ca9e0b4,"{""type"": ""MultiPoint"", ""coordinates"": [[172.738808899226, -43.5869408240677]]}",Lyttelton,Jollies Bush,713
5b418dfc3d88413b6ca9e0d5,"{""type"": ""MultiPoint"", ""coordinates"": [[172.637615213809, -43.6103236364914]]}",Cashmere,Marleys Hill,748
5b418dfb3d88413b6ca9e09a,"{""type"": ""MultiPoint"", ""coordinates"": [[172.712336863249, -43.50528551819569]]}",New Brighton,Cockayne Reserve,687
5b418dfb3d88413b6ca9e0a3,"{""type"": ""MultiPoint"", ""coordinates"": [[172.673627909339, -43.5524469500121]]}",Woolston,Radley Playground,696
5b418dfc3d88413b6ca9e0ae,"{""type"": ""MultiPoint"", ""coordinates"": [[172.634969268125, -43.50803514707099]]}",St Albans,St Albans School,708
5b418dfc3d88413b6ca9e0b8,"{""type"": ""MultiPoint"", ""coordinates"": [[172.637504295231, -43.5795750893511]]}",Cashmere,Takahe Reserve,717
5b418dfc3d88413b6ca9e0c2,"{""type"": ""MultiPoint"", ""coordinates"": [[172.665747127757, -43.5528585015093]]}",Opawa,Vincent Courts,727
5b418dfc3d88413b6ca9e0c7,"{""type"": ""MultiPoint"", ""coordinates"": [[172.758587800432, -43.570935865389]]}",Sumner,Sumner Croquet Reserve,731
5b418dfb3d88413b6ca9e081,"{""type"": ""MultiPoint"", ""coordinates"": [[172.569085947799, -43.5888223076789]]}",Halswell,Muir Park,656
5b418dfb3d88413b6ca9e090,"{""type"": ""MultiPoint"", ""coordinates"": [[172.584684226871, -43.4878374771028]]}",Bishopdale,Bishopdale Park,676
5b418dfc3d88413b6ca9e0bd,"{""type"": ""MultiPoint"", ""coordinates"": [[172.53197686161397, -43.54954658491479]]}",Hornby,Trevor Reserve,722
5b418dfc3d88413b6ca9e0d1,"{""type"": ""MultiPoint"", ""coordinates"": [[172.70973875858, -43.5108434568263]]}",Aranui,Carisbrook Playground,742
5b418dfc3d88413b6ca9e0de,"{""type"": ""MultiPoint"", ""coordinates"": [[172.647410184813, -43.5652337693482]]}",Huntsbury,Palatine Reserve,76
5b418dfc3d88413b6ca9e0e2,"{""type"": ""MultiPoint"", ""coordinates"": [[172.615686454253, -43.5478154539661]]}",Spreydon,Jerrold Reserve,767
5b418dfb3d88413b6ca9e07f,"{""type"": ""MultiPoint"", ""coordinates"": [[172.622764190401, -43.574685527325094]]}",Cashmere,Cracroft Caverns Reserve,653
5b418dfb3d88413b6ca9e085,"{""type"": ""MultiPoint"", ""coordinates"": [[172.639850225119, -43.5345339826904]]}",Central City,Excelsior Hotel Reserve,663
5b418dfb3d88413b6ca9e082,"{""type"": ""MultiPoint"", ""coordinates"": [[172.559246171626, -43.4803916459293]]}",Harewood,Harewood School,659
5b418dfb3d88413b6ca9e09e,"{""type"": ""MultiPoint"", ""coordinates"": [[172.64611912265, -43.5671449263033]]}",Huntsbury,Farnley Reserve,690
5b418dfc3d88413b6ca9e0b5,"{""type"": ""MultiPoint"", ""coordinates"": [[172.714382146325, -43.5916208861568]]}",Lyttelton,Mt Cavendish Reserve,714
5b418dfc3d88413b6ca9e0ce,"{""type"": ""MultiPoint"", ""coordinates"": [[172.604547442364, -43.5756056406057]]}",Hoon Hay Valley,Francis Reserve,74
5b418dfc3d88413b6ca9e0cf,"{""type"": ""MultiPoint"", ""coordinates"": [[172.741507700505, -43.53151264112579]]}",South New Brighton,South New Brighton Beach,740
5b418dfc3d88413b6ca9e0e0,"{""type"": ""MultiPoint"", ""coordinates"": [[172.66674259230697, -43.540551033222]]}",Linwood,Aldwins Courts,762
5b418dfc3d88413b6ca9e0e1,"{""type"": ""MultiPoint"", ""coordinates"": [[172.615058563333, -43.54805107663869]]}",Spreydon,Jerrold Reserve,765
5b418dfb3d88413b6ca9e098,"{""type"": ""MultiPoint"", ""coordinates"": [[172.647866876152, -43.5731626995978]]}",Huntsbury,Trecastle Reserve,685
5b418dfc3d88413b6ca9e0b6,"{""type"": ""MultiPoint"", ""coordinates"": [[172.697259678297, -43.5908807775635]]}",Lyttelton,Tors Scenic Reserve,715
5b418dfc3d88413b6ca9e0c0,"{""type"": ""MultiPoint"", ""coordinates"": [[172.530911311353, -43.5289688147088]]}",Broomfield,Pensacola Reserve,725
5b418dfc3d88413b6ca9e0c3,"{""type"": ""MultiPoint"", ""coordinates"": [[172.651420865343, -43.570806317637]]}",Huntsbury,Whaka Reserve No. 2,728
5b418dfc3d88413b6ca9e0c8,"{""type"": ""MultiPoint"", ""coordinates"": [[172.64975316354398, -43.552672172402296]]}",Waltham,Waltham Park,732
5b418dfc3d88413b6ca9e0d0,"{""type"": ""MultiPoint"", ""coordinates"": [[172.72304641492198, -43.5197806458873]]}",Bexley,Bexley Wetland,741
5b418dfc3d88413b6ca9e0d6,"{""type"": ""MultiPoint"", ""coordinates"": [[172.559423945652, -43.5245508165379]]}",Avonhead,Avonhead School,749
5b418dfb3d88413b6ca9e094,"{""type"": ""MultiPoint"", ""coordinates"": [[172.620237242399, -43.4656953678759]]}",Belfast,Styx River Esplanade Reserve No. 2,680
5b418dfb3d88413b6ca9e069,"{""type"": ""MultiPoint"", ""coordinates"": [[172.64029234997096, -43.5497735953507]]}",Sydenham,Cadogan Reserve,630
5b418dfb3d88413b6ca9e097,"{""type"": ""MultiPoint"", ""coordinates"": [[172.64568859828398, -43.5709418786012]]}",Huntsbury,Major Aitken Reserve,684
5b418dfc3d88413b6ca9e0d7,"{""type"": ""MultiPoint"", ""coordinates"": [[172.637104162934, -43.5309038208384]]}",Central City,Cathedral Square,75
5b418dfc3d88413b6ca9e0dc,"{""type"": ""MultiPoint"", ""coordinates"": [[172.538938371456, -43.577391229775394]]}",Halswell,Knights Waterway Reserve,756
5b418dfb3d88413b6ca9e073,"{""type"": ""MultiPoint"", ""coordinates"": [[172.641655761162, -43.6000104009759]]}",Cashmere,Douglas Scenic Reserve,640
5b418dfb3d88413b6ca9e07e,"{""type"": ""MultiPoint"", ""coordinates"": [[172.589078785273, -43.5580538361746]]}",Hoon Hay,Guise Lane Courts,651
5b418dfb3d88413b6ca9e080,"{""type"": ""MultiPoint"", ""coordinates"": [[172.571252790913, -43.5790034362572]]}",Halswell,Halswell Domain,655
5b418dfb3d88413b6ca9e088,"{""type"": ""MultiPoint"", ""coordinates"": [[172.675530290217, -43.5427625507463]]}",Linwood,Jura Courts,667
5b418dfb3d88413b6ca9e09b,"{""type"": ""MultiPoint"", ""coordinates"": [[172.686292555924, -43.5250480635844]]}",Bromley,Nicholas Playground,688
5b418dfc3d88413b6ca9e0aa,"{""type"": ""MultiPoint"", ""coordinates"": [[172.625278220723, -43.5519819969215]]}",Spreydon,Christchurch South Intermediate School,704
5b418dfc3d88413b6ca9e0ac,"{""type"": ""MultiPoint"", ""coordinates"": [[172.523784267105, -43.5448415340267]]}",Hornby,Goulding Playground,706
5b418dfc3d88413b6ca9e0b2,"{""type"": ""MultiPoint"", ""coordinates"": [[172.627884587504, -43.5607230144157]]}",Somerfield,Somerfield School,711
5b418dfc3d88413b6ca9e0b7,"{""type"": ""MultiPoint"", ""coordinates"": [[172.754479125192, -43.5821418944706]]}",Sumner,Finnsarby Reserve,716
5b418dfc3d88413b6ca9e0ba,"{""type"": ""MultiPoint"", ""coordinates"": [[172.649182618799, -43.547308157381394]]}",Waltham,Thackeray Reserve,719
5b418dfc3d88413b6ca9e0be,"{""type"": ""MultiPoint"", ""coordinates"": [[172.63840964349396, -43.5354565474212]]}",Central City,Peter Scoular Park,723
5b418dfc3d88413b6ca9e0c5,"{""type"": ""MultiPoint"", ""coordinates"": [[172.66284409542, -43.53319945637009]]}",Linwood,Buccleugh Reserve,73
5b418dfc3d88413b6ca9e0e3,"{""type"": ""MultiPoint"", ""coordinates"": [[172.662330606643, -43.523743042443]]}",Avonside,Avonside Girls High School,768
5b418dfb3d88413b6ca9e06d,"{""type"": ""MultiPoint"", ""coordinates"": [[172.662626135502, -43.56275766471509]]}",St Martins,King George V Reserve,635
5b418dfb3d88413b6ca9e070,"{""type"": ""MultiPoint"", ""coordinates"": [[172.675656859897, -43.5339382961224]]}",Linwood,Linwood Library,638
5b418dfb3d88413b6ca9e072,"{""type"": ""MultiPoint"", ""coordinates"": [[172.682883878053, -43.530078776889994]]}",Bromley,Linwood Cemetery,64
5b418dfb3d88413b6ca9e07c,"{""type"": ""MultiPoint"", ""coordinates"": [[172.542845726074, -43.5144056560011]]}",Russley,Calbreath Reserve,65
5b418dfb3d88413b6ca9e083,"{""type"": ""MultiPoint"", ""coordinates"": [[172.548540964932, -43.5119168900275]]}",Hyde Park,Hyde Park,660
5b418dfb3d88413b6ca9e08c,"{""type"": ""MultiPoint"", ""coordinates"": [[172.679793683202, -43.4930054928303]]}",Westhaven,Wichita Reserve,672
5b418dfb3d88413b6ca9e0a1,"{""type"": ""MultiPoint"", ""coordinates"": [[172.540426762155, -43.5317768326816]]}",Riccarton Park,Peebles Reserve,694
5b418dfb3d88413b6ca9e0a2,"{""type"": ""MultiPoint"", ""coordinates"": [[172.622038274636, -43.4732333099279]]}",Redwood,Redwood Primary School,695
5b418dfc3d88413b6ca9e0a7,"{""type"": ""MultiPoint"", ""coordinates"": [[172.533938187234, -43.522365989313]]}",Masham,Rosella Reserve,700
5b418dfc3d88413b6ca9e0bf,"{""type"": ""MultiPoint"", ""coordinates"": [[172.69378051935598, -43.556228465189]]}",Heathcote,Tunnel Road Reserve,724
5b418dfc3d88413b6ca9e0cc,"{""type"": ""MultiPoint"", ""coordinates"": [[172.609089802196, -43.54741370842229]]}",Addington,Taramea Courts,737
5b418dfc3d88413b6ca9e0cd,"{""type"": ""MultiPoint"", ""coordinates"": [[172.631716159641, -43.533341064748]]}",Central City,Bridgewater Apartments,738
5b418dfb3d88413b6ca9e06a,"{""type"": ""MultiPoint"", ""coordinates"": [[172.616343000978, -43.4712353173239]]}",Redwood,Canberra Reserve,631
5b418dfb3d88413b6ca9e06e,"{""type"": ""MultiPoint"", ""coordinates"": [[172.661251622832, -43.552447720126]]}",Opawa,St Marks School,636
5b418dfb3d88413b6ca9e08f,"{""type"": ""MultiPoint"", ""coordinates"": [[172.599593125424, -43.4798737512686]]}",Casebrook,Larch Reserve,675
5b418dfb3d88413b6ca9e095,"{""type"": ""MultiPoint"", ""coordinates"": [[172.492960891293, -43.5492644318387]]}",Hornby,Islington Reserve,682
5b418dfb3d88413b6ca9e099,"{""type"": ""MultiPoint"", ""coordinates"": [[172.690915761119, -43.503692849607]]}",Avondale,Avondale Park,686
5b418dfc3d88413b6ca9e0a5,"{""type"": ""MultiPoint"", ""coordinates"": [[172.653536025041, -43.5667353964779]]}",Huntsbury,Ramahana Reserve,7
5b418dfc3d88413b6ca9e0a9,"{""type"": ""MultiPoint"", ""coordinates"": [[172.64607579380998, -43.562726766240694]]}",Beckenham,Beckenham School,703
5b418dfc3d88413b6ca9e0ab,"{""type"": ""MultiPoint"", ""coordinates"": [[172.618432512192, -43.5764624263883]]}",Cashmere,Shalamar Reserve,705
5b418dfc3d88413b6ca9e0b1,"{""type"": ""MultiPoint"", ""coordinates"": [[172.62129799099, -43.547633602777]]}",Spreydon,Selwyn Reserve,710
5b418dfc3d88413b6ca9e0dd,"{""type"": ""MultiPoint"", ""coordinates"": [[172.693791211987, -43.5689013230292]]}",Heathcote,Scruttons Reserve,758
5b418dfb3d88413b6ca9e078,"{""type"": ""MultiPoint"", ""coordinates"": [[172.674002145207, -43.54687171926099]]}",Woolston,Woolston Park,646
5b418dfb3d88413b6ca9e07a,"{""type"": ""MultiPoint"", ""coordinates"": [[172.642438831171, -43.5403655222396]]}",Sydenham,Gasson Reserve,648
5b418dfb3d88413b6ca9e08a,"{""type"": ""MultiPoint"", ""coordinates"": [[172.645862269109, -43.5245646975871]]}",Central City,Cambridge Green,67
5b418dfb3d88413b6ca9e08d,"{""type"": ""MultiPoint"", ""coordinates"": [[172.639481088213, -43.57111299370159]]}",Cashmere,Landsdowne Reserve,673
5b418dfb3d88413b6ca9e092,"{""type"": ""MultiPoint"", ""coordinates"": [[172.676921189015, -43.53685921126749]]}",Linwood,Linwood Nursery,678
5b418dfb3d88413b6ca9e0a0,"{""type"": ""MultiPoint"", ""coordinates"": [[172.570589895287, -43.503865072219]]}",Burnside,Witbrock Reserve,692
5b418dfc3d88413b6ca9e0b0,"{""type"": ""MultiPoint"", ""coordinates"": [[172.565355174574, -43.5161221041452]]}",Avonhead,Annandale Park,71
5b418dfc3d88413b6ca9e0c1,"{""type"": ""MultiPoint"", ""coordinates"": [[172.635759222348, -43.528152218342]]}",Central City,Victoria Square,726
5b418dfc3d88413b6ca9e0d9,"{""type"": ""MultiPoint"", ""coordinates"": [[172.572492402399, -43.4825033090986]]}",Harewood,Styx River Reserve,753
5b418dfc3d88413b6ca9e0da,"{""type"": ""MultiPoint"", ""coordinates"": [[172.678971352099, -43.550598813341]]}",Woolston,Laura Kent Reserve,754
5b418dfc3d88413b6ca9e0df,"{""type"": ""MultiPoint"", ""coordinates"": [[172.657044310751, -43.5651648831169]]}",St Martins,St Martins School,761
5b418dfb3d88413b6ca9e07d,"{""type"": ""MultiPoint"", ""coordinates"": [[172.54766872363, -43.5194652573014]]}",Avonhead,Stewarts Bush,650
5b418dfb3d88413b6ca9e086,"{""type"": ""MultiPoint"", ""coordinates"": [[172.638682084935, -43.5333242243576]]}",Central City,High Street Triangles,664
5b418dfb3d88413b6ca9e087,"{""type"": ""MultiPoint"", ""coordinates"": [[172.573278681052, -43.4884918895604]]}",Bishopdale,Hockey Park,665
5b418dfb3d88413b6ca9e096,"{""type"": ""MultiPoint"", ""coordinates"": [[172.502678782291, -43.545629453324096]]}",Islington,Foremans Reserve,683
5b418dfc3d88413b6ca9e0c4,"{""type"": ""MultiPoint"", ""coordinates"": [[172.65258078292297, -43.5714578592849]]}",Huntsbury,Whaka Reserve No. 1,729
5b418dfb3d88413b6ca9e06b,"{""type"": ""MultiPoint"", ""coordinates"": [[172.529303005859, -43.5351610588248]]}",Hornby,Carmen Reserve,632
5b418dfb3d88413b6ca9e07b,"{""type"": ""MultiPoint"", ""coordinates"": [[172.51605973274297, -43.5389031323606]]}",Islington,Gilberthorpes Reserve,649
5b418dfb3d88413b6ca9e06f,"{""type"": ""MultiPoint"", ""coordinates"": [[172.56038046347498, -43.5316775205179]]}",Upper Riccarton,Colman Reserve,637
5b418dfb3d88413b6ca9e09c,"{""type"": ""MultiPoint"", ""coordinates"": [[172.611033897069, -43.4826223393549]]}",Northcote,Paddington Playground,689
5b418dfb3d88413b6ca9e074,"{""type"": ""MultiPoint"", ""coordinates"": [[172.64579358352196, -43.569916127410295]]}",Huntsbury,Enticott Reserve,641
5b418dfc3d88413b6ca9e0a4,"{""type"": ""MultiPoint"", ""coordinates"": [[172.62551490489, -43.5581602213204]]}",Spreydon,Sydenham Cemetery,698
5b418dfb3d88413b6ca9e076,"{""type"": ""MultiPoint"", ""coordinates"": [[172.708325979418, -43.505821048102]]}",Aranui,Wainoni School,643
5b418dfc3d88413b6ca9e0bb,"{""type"": ""MultiPoint"", ""coordinates"": [[172.653567055644, -43.5333262361141]]}",Linwood,Raglan Reserve,72
5b418dfb3d88413b6ca9e079,"{""type"": ""MultiPoint"", ""coordinates"": [[172.691835234284, -43.5542251500285]]}",Woolston,Roundabout Reserve,647
5b418dfc3d88413b6ca9e0c9,"{""type"": ""MultiPoint"", ""coordinates"": [[172.647248305328, -43.5465333187673]]}",Waltham,Waltham Courts,733
5b418dfb3d88413b6ca9e08e,"{""type"": ""MultiPoint"", ""coordinates"": [[172.639490854905, -43.5712512541247]]}",Cashmere,Landsdowne Community Centre,674
5b418dfc3d88413b6ca9e0db,"{""type"": ""MultiPoint"", ""coordinates"": [[172.685917120753, -43.4804675687728]]}",Burwood,Burwood Hospital,755
5b418dfc3d88413b6ca9e0a8,"{""type"": ""MultiPoint"", ""coordinates"": [[172.682057856798, -43.5558628646623]]}",Woolston,Rutherford Cemetery,702
5b418dfc3d88413b6ca9e0c6,"{""type"": ""MultiPoint"", ""coordinates"": [[172.653833493654, -43.5572834429347]]}",St Martins,St Martins Library,730
5b418dfc3d88413b6ca9e0ca,"{""type"": ""MultiPoint"", ""coordinates"": [[172.55489528184, -43.5122343583805]]}",Hyde Park,Margaret Murray Courts,735
5b418dfc3d88413b6ca9e0d4,"{""type"": ""MultiPoint"", ""coordinates"": [[172.561824363263, -43.580671731508]]}",Halswell,Nicholls Reserve,747
5b418dfc3d88413b6ca9e0e5,"{""type"": ""MultiPoint"", ""coordinates"": [[172.703434255225, -43.500439181387]]}",New Brighton,Kate Sheppard Riverside Rest Home,771
5b418dfc3d88413b6ca9e0fa,"{""type"": ""MultiPoint"", ""coordinates"": [[172.642695552233, -43.5928972031908]]}",Cashmere,Victoria Park,802
5b418dfc3d88413b6ca9e105,"{""type"": ""MultiPoint"", ""coordinates"": [[172.522606760093, -43.5447636459336]]}",Hornby,Hornby Library,818
5b418dfc3d88413b6ca9e0ef,"{""type"": ""MultiPoint"", ""coordinates"": [[172.68149658085, -43.550452803946]]}",Woolston,Connal Reserve,788
5b418dfc3d88413b6ca9e115,"{""type"": ""MultiPoint"", ""coordinates"": [[172.631603373319, -43.5701058213525]]}",Cashmere,Purau Reserve,841
5b418dfc3d88413b6ca9e0f1,"{""type"": ""MultiPoint"", ""coordinates"": [[172.60121375284697, -43.5298203106336]]}",Riccarton,Riccarton Service Centre,790
5b418dfc3d88413b6ca9e11b,"{""type"": ""MultiPoint"", ""coordinates"": [[172.553197220823, -43.575383105272]]}",Wentworth Park,Patterson Reserve,847
5b418dfc3d88413b6ca9e0f2,"{""type"": ""MultiPoint"", ""coordinates"": [[172.686673767508, -43.489331422519]]}",Burwood,Clarevale Reserve,791
5b418dfc3d88413b6ca9e0f4,"{""type"": ""MultiPoint"", ""coordinates"": [[172.635314136612, -43.5293972859393]]}",Central City,Farmers Carpark,795
5b418dfc3d88413b6ca9e0f5,"{""type"": ""MultiPoint"", ""coordinates"": [[172.701867118903, -43.4824485836937]]}",Queenspark,Cottonwood Reserve,797
5b418dfc3d88413b6ca9e11f,"{""type"": ""MultiPoint"", ""coordinates"": [[172.619511306055, -43.5434923770798]]}",Addington,Harman Courts,850
5b418dfc3d88413b6ca9e10f,"{""type"": ""MultiPoint"", ""coordinates"": [[172.642435098165, -43.5274985127168]]}",Central City,Poplars Reserve,830
5b418dfc3d88413b6ca9e0e8,"{""type"": ""MultiPoint"", ""coordinates"": [[172.70894289024596, -43.5799960375101]]}",Heathcote,Heathcote Valley School,778
5b418dfc3d88413b6ca9e0e6,"{""type"": ""MultiPoint"", ""coordinates"": [[172.609380229728, -43.529736654579196]]}",Riccarton,Margaret Stoddart Resthome,775
5b418dfc3d88413b6ca9e0f0,"{""type"": ""MultiPoint"", ""coordinates"": [[172.684953921926, -43.4872952507244]]}",Burwood,Chartwell Reserve,79
5b418dfc3d88413b6ca9e112,"{""type"": ""MultiPoint"", ""coordinates"": [[172.693716121463, -43.501660145179194]]}",Burwood,Amelia Rogers Reserve,839
5b418dfc3d88413b6ca9e11e,"{""type"": ""MultiPoint"", ""coordinates"": [[172.672372120869, -43.5151864385114]]}",Dallington,Biddick Courts,85
5b418dfc3d88413b6ca9e0f6,"{""type"": ""MultiPoint"", ""coordinates"": [[172.558815235566, -43.53578626083179]]}",Sockburn,Our Lady Of Victories School,798
5b418dfc3d88413b6ca9e0fd,"{""type"": ""MultiPoint"", ""coordinates"": [[172.665286830618, -43.5413114650032]]}",Linwood,Edmonds Factory Garden,805
5b418dfc3d88413b6ca9e100,"{""type"": ""MultiPoint"", ""coordinates"": [[172.579669523528, -43.5032175532873]]}",Burnside,Petra Place Complex,810
5b418dfc3d88413b6ca9e103,"{""type"": ""MultiPoint"", ""coordinates"": [[172.687431252444, -43.5539209053749]]}",Woolston,Bamford School,816
5b418dfc3d88413b6ca9e11a,"{""type"": ""MultiPoint"", ""coordinates"": [[172.565797893194, -43.5234474002376]]}",Avonhead,Corfe Reserve,846
5b418dfc3d88413b6ca9e11c,"{""type"": ""MultiPoint"", ""coordinates"": [[172.59015570115, -43.53414285944599]]}",Riccarton,Harrington Park,848
5b418dfc3d88413b6ca9e102,"{""type"": ""MultiPoint"", ""coordinates"": [[172.64770890358298, -43.5293112451056]]}",Central City,Christchurch East School,815
5b418dfc3d88413b6ca9e108,"{""type"": ""MultiPoint"", ""coordinates"": [[172.643434151308, -43.4527814223701]]}",Belfast,Belfast Cemetery,820
5b418dfc3d88413b6ca9e0f7,"{""type"": ""MultiPoint"", ""coordinates"": [[172.549183247708, -43.5166555612531]]}",Russley,Crosbie Park,8
5b418dfc3d88413b6ca9e10c,"{""type"": ""MultiPoint"", ""coordinates"": [[172.678794275233, -43.4926246704166]]}",Westhaven,Lakewood Reserves,827
5b418dfc3d88413b6ca9e106,"{""type"": ""MultiPoint"", ""coordinates"": [[172.576619348862, -43.5094146839277]]}",Burnside,Christ The King School,819
5b418dfc3d88413b6ca9e110,"{""type"": ""MultiPoint"", ""coordinates"": [[172.617382196404, -43.4672601931737]]}",Styx,Regents Park Reserve,833
5b418dfc3d88413b6ca9e109,"{""type"": ""MultiPoint"", ""coordinates"": [[172.632375667699, -43.5763278432785]]}",Cashmere,Cashmere Primary School,821
5b418dfc3d88413b6ca9e120,"{""type"": ""MultiPoint"", ""coordinates"": [[172.657783517577, -43.4741429160726]]}",Marshland,Marshland Primary School,851
5b418dfc3d88413b6ca9e0e9,"{""type"": ""MultiPoint"", ""coordinates"": [[172.658293628418, -43.5438518890149]]}",Waltham,Charleston Reserve,78
5b418dfc3d88413b6ca9e0ea,"{""type"": ""MultiPoint"", ""coordinates"": [[172.601783152941, -43.5763298608784]]}",Westmorland,Brookford Reserve,780
5b418dfc3d88413b6ca9e11d,"{""type"": ""MultiPoint"", ""coordinates"": [[172.708502530459, -43.5809267166471]]}",Heathcote,Heathcote Community Centre,849
5b418dfc3d88413b6ca9e122,"{""type"": ""MultiPoint"", ""coordinates"": [[172.590181640374, -43.5309017595311]]}",Riccarton,Shand Crescent Reserve,858
5b418dfc3d88413b6ca9e0f3,"{""type"": ""MultiPoint"", ""coordinates"": [[172.760092238666, -43.5735379971721]]}",Sumner,Sumner School,792
5b418dfc3d88413b6ca9e0fb,"{""type"": ""MultiPoint"", ""coordinates"": [[172.645107853267, -43.6031677128975]]}",Cashmere,Sugarloaf Reserve,803
5b418dfc3d88413b6ca9e104,"{""type"": ""MultiPoint"", ""coordinates"": [[172.52175811729296, -43.544172782654194]]}",Hornby,Hornby Courts,817
5b418dfc3d88413b6ca9e107,"{""type"": ""MultiPoint"", ""coordinates"": [[172.660492697267, -43.553924109846]]}",Opawa,Risingholme Park,82
5b418dfc3d88413b6ca9e10a,"{""type"": ""MultiPoint"", ""coordinates"": [[172.639476325218, -43.5339065524009]]}",Central City,High Street Triangles,823
5b418dfc3d88413b6ca9e116,"{""type"": ""MultiPoint"", ""coordinates"": [[172.633293837085, -43.5334693314441]]}",Central City,Friendship Corner,842
5b418dfc3d88413b6ca9e0fc,"{""type"": ""MultiPoint"", ""coordinates"": [[172.759904344819, -43.5662036949646]]}",Sumner,Cave Rock Reserve,804
5b418dfc3d88413b6ca9e10d,"{""type"": ""MultiPoint"", ""coordinates"": [[172.64322479793, -43.5365813074694]]}",Central City,Wilson Park,829
5b418dfc3d88413b6ca9e10e,"{""type"": ""MultiPoint"", ""coordinates"": [[172.609458660491, -43.5433097373778]]}",Addington,Walsall Reserve,83
5b418dfc3d88413b6ca9e113,"{""type"": ""MultiPoint"", ""coordinates"": [[172.58666426175697, -43.4695683524058]]}",Harewood,Harewood Park,84
5b418dfc3d88413b6ca9e114,"{""type"": ""MultiPoint"", ""coordinates"": [[172.65878392441996, -43.5612603064924]]}",Opawa,Rudolf Steiner School,840
5b418dfc3d88413b6ca9e0eb,"{""type"": ""MultiPoint"", ""coordinates"": [[172.633239475044, -43.5481329718481]]}",Sydenham,Sydenham Park,781
5b418dfc3d88413b6ca9e0ed,"{""type"": ""MultiPoint"", ""coordinates"": [[172.642997692658, -43.5264011936453]]}",Central City,Cambridge Reserve,784
5b418dfc3d88413b6ca9e0fe,"{""type"": ""MultiPoint"", ""coordinates"": [[172.638677265728, -43.5592889581676]]}",Beckenham,St Peters School,808
5b418dfc3d88413b6ca9e111,"{""type"": ""MultiPoint"", ""coordinates"": [[172.678048114193, -43.4904902456179]]}",Burwood,Clare Park,835
5b418dfc3d88413b6ca9e117,"{""type"": ""MultiPoint"", ""coordinates"": [[172.643062378199, -43.52682016446169]]}",Central City,Fire Fighters Reserve,843
5b418dfc3d88413b6ca9e119,"{""type"": ""MultiPoint"", ""coordinates"": [[172.616052485846, -43.5020398171813]]}",Papanui,Bethany Hospital,845
5b418dfc3d88413b6ca9e0f8,"{""type"": ""MultiPoint"", ""coordinates"": [[172.42722335658397, -43.5072810347822]]}",Yaldhurst,Chattertons Reserve,80
5b418dfc3d88413b6ca9e0ec,"{""type"": ""MultiPoint"", ""coordinates"": [[172.642900377357, -43.5481795762587]]}",Sydenham,Hastings Reserve,782
5b418dfc3d88413b6ca9e0e4,"{""type"": ""MultiPoint"", ""coordinates"": [[172.655702069863, -43.563163203024295]]}",Huntsbury,Centaurus Park,77
5b418dfc3d88413b6ca9e0ee,"{""type"": ""MultiPoint"", ""coordinates"": [[172.636010717395, -43.5309446244168]]}",Central City,Godley Statue Reserve,787
5b418dfc3d88413b6ca9e0ff,"{""type"": ""MultiPoint"", ""coordinates"": [[172.562533592369, -43.575003942128696]]}",Oaklands,Scott Park Wigram,81
5b418dfc3d88413b6ca9e118,"{""type"": ""MultiPoint"", ""coordinates"": [[172.695719163678, -43.5237853369421]]}",Bromley,Cuthberts Green,844
5b418dfc3d88413b6ca9e123,"{""type"": ""MultiPoint"", ""coordinates"": [[172.662241612927, -43.5090125949514]]}",Shirley,Shirley Intermediate School,859
5b418dfc3d88413b6ca9e0e7,"{""type"": ""MultiPoint"", ""coordinates"": [[172.72982852343497, -43.5261754839128]]}",South New Brighton,Bridge Reserve,776
5b418dfc3d88413b6ca9e0f9,"{""type"": ""MultiPoint"", ""coordinates"": [[172.600107816443, -43.5522790258384]]}",Spreydon,Maurice Carter Courts,800
5b418dfc3d88413b6ca9e101,"{""type"": ""MultiPoint"", ""coordinates"": [[172.639358347457, -43.493831168993594]]}",Mairehau,Fortune Playground,811
5b418dfc3d88413b6ca9e10b,"{""type"": ""MultiPoint"", ""coordinates"": [[172.546376975421, -43.5122519806249]]}",Hyde Park,Kedleston Reserve,825
5b418dfc3d88413b6ca9e121,"{""type"": ""MultiPoint"", ""coordinates"": [[172.544526107853, -43.534474400659]]}",Riccarton Park,Pegasus Court,852
5b418dfc3d88413b6ca9e140,"{""type"": ""MultiPoint"", ""coordinates"": [[172.552507663236, -43.5232883946642]]}",Avonhead,Toorak Reserve,894
5b418dfc3d88413b6ca9e12a,"{""type"": ""MultiPoint"", ""coordinates"": [[172.627360304364, -43.5482047731331]]}",Sydenham,Norman Kirk Courts,866
5b418dfc3d88413b6ca9e14e,"{""type"": ""MultiPoint"", ""coordinates"": [[172.621448671381, -43.5252247434263]]}",Central City,Hagley Park North,928
5b418dfc3d88413b6ca9e15c,"{""type"": ""MultiPoint"", ""coordinates"": [[172.467376255694, -43.5512691091657]]}",Templeton,Colchester Reserve,95
5b418dfc3d88413b6ca9e164,"{""type"": ""MultiPoint"", ""coordinates"": [[172.712807273002, -43.5089664710947]]}",Aranui,Farnborough Reserve,963
5b418dfc3d88413b6ca9e16c,"{""type"": ""MultiPoint"", ""coordinates"": [[172.615609953947, -43.4577252844917]]}",Belfast,Northwood Park,972
5b418dfc3d88413b6ca9e16d,"{""type"": ""MultiPoint"", ""coordinates"": [[172.616566197417, -43.4599315447991]]}",Belfast,Waterford Reserve,973
5b418dfc3d88413b6ca9e12b,"{""type"": ""MultiPoint"", ""coordinates"": [[172.640568354548, -43.610114654620595]]}",Governors Bay,Summit Lookout Reserve,868
5b418dfc3d88413b6ca9e137,"{""type"": ""MultiPoint"", ""coordinates"": [[172.621128195177, -43.5125457564432]]}",Merivale,Merivale Mall,884
5b418dfc3d88413b6ca9e142,"{""type"": ""MultiPoint"", ""coordinates"": [[172.529954194091, -43.5245877862963]]}",Broomfield,Arcon Playground,9
5b418dfc3d88413b6ca9e144,"{""type"": ""MultiPoint"", ""coordinates"": [[172.577085360938, -43.5253362872972]]}",Ilam,Ilam Flats,905
5b418dfc3d88413b6ca9e151,"{""type"": ""MultiPoint"", ""coordinates"": [[172.627205495608, -43.5356365754866]]}",Central City,Christchurch Hospital Carpark,932
5b418dfc3d88413b6ca9e160,"{""type"": ""MultiPoint"", ""coordinates"": [[172.636795396147, -43.5661236535712]]}",Beckenham,Thorrington School,96
5b418dfc3d88413b6ca9e161,"{""type"": ""MultiPoint"", ""coordinates"": [[172.714286541379, -43.5855237893829]]}",Heathcote,Scotts Valley Reserve,960
5b418dfc3d88413b6ca9e16b,"{""type"": ""MultiPoint"", ""coordinates"": [[172.617498064825, -43.459115565898294]]}",Belfast,Mounter Reserve,971
5b418dfc3d88413b6ca9e16e,"{""type"": ""MultiPoint"", ""coordinates"": [[172.618987297642, -43.52299524700749]]}",Central City,Little Hagley Park,974
5b418dfc3d88413b6ca9e17b,"{""type"": ""MultiPoint"", ""coordinates"": [[172.55435951904198, -43.5365229774207]]}",Sockburn,Greenhurst Courts,996
5b418dfc3d88413b6ca9e13a,"{""type"": ""MultiPoint"", ""coordinates"": [[172.662642399058, -43.5361150966685]]}",Phillipstown,Olliviers Reserve,887
5b418dfc3d88413b6ca9e131,"{""type"": ""MultiPoint"", ""coordinates"": [[172.660402497663, -43.4446978310021]]}",Ouruhia,Ouruhia Model School,873
5b418dfc3d88413b6ca9e158,"{""type"": ""MultiPoint"", ""coordinates"": [[172.591602853605, -43.5138780842864]]}",Fendalton,Fendalton Service Centre,941
5b418dfc3d88413b6ca9e179,"{""type"": ""MultiPoint"", ""coordinates"": [[172.57616354974996, -43.48107670724139]]}",Bishopdale,Styx River Reserve,990
5b418dfc3d88413b6ca9e143,"{""type"": ""MultiPoint"", ""coordinates"": [[172.591414590696, -43.51649703242169]]}",Fendalton,Fendalton Open Air School,90
5b418dfc3d88413b6ca9e152,"{""type"": ""MultiPoint"", ""coordinates"": [[172.637544646508, -43.5334301003956]]}",Central City,Cashfields Arcade,933
5b418dfc3d88413b6ca9e15a,"{""type"": ""MultiPoint"", ""coordinates"": [[172.636975009791, -43.5333898401519]]}",Central City,Discovery One School,946
5b418dfc3d88413b6ca9e171,"{""type"": ""MultiPoint"", ""coordinates"": [[172.652158071694, -43.5739497601936]]}",Huntsbury,Kenmure Reserve,978
5b418dfc3d88413b6ca9e127,"{""type"": ""MultiPoint"", ""coordinates"": [[172.528059328964, -43.5600526329829]]}",Hornby,Springs Halswell Reserve,863
5b418dfc3d88413b6ca9e134,"{""type"": ""MultiPoint"", ""coordinates"": [[172.588046396388, -43.5000223566111]]}",Bryndwr,Wairakei School,878
5b418dfc3d88413b6ca9e130,"{""type"": ""MultiPoint"", ""coordinates"": [[172.638400189479, -43.535016346115995]]}",Central City,Civic Offices Annex,872
5b418dfc3d88413b6ca9e147,"{""type"": ""MultiPoint"", ""coordinates"": [[172.726194973612, -43.4964780417778]]}",New Brighton,Thomson Park,919
5b418dfc3d88413b6ca9e14b,"{""type"": ""MultiPoint"", ""coordinates"": [[172.61715057570296, -43.4956902367106]]}",Papanui,Ngaio Marsh Retirement Village Rest Home,925
5b418dfc3d88413b6ca9e156,"{""type"": ""MultiPoint"", ""coordinates"": [[172.564015518602, -43.569986313779594]]}",Oaklands,Cobra Reserve,94
5b418dfc3d88413b6ca9e163,"{""type"": ""MultiPoint"", ""coordinates"": [[172.69420229577196, -43.5431097847607]]}",Bromley,Bayswater Reserve,962
5b418dfc3d88413b6ca9e150,"{""type"": ""MultiPoint"", ""coordinates"": [[172.68492218146096, -43.5436937286241]]}",Woolston,Cutler Park,93
5b418dfc3d88413b6ca9e12d,"{""type"": ""MultiPoint"", ""coordinates"": [[172.751125680648, -43.5695340767215]]}",Clifton,Brownlee Reserve,87
5b418dfc3d88413b6ca9e177,"{""type"": ""MultiPoint"", ""coordinates"": [[172.546992141951, -43.5335549443335]]}",Sockburn,Racecourse Reserve,988
5b418dfc3d88413b6ca9e146,"{""type"": ""MultiPoint"", ""coordinates"": [[172.617678219534, -43.5207013890685]]}",Merivale,Rangi Ruru Girls School,908
5b418dfc3d88413b6ca9e154,"{""type"": ""MultiPoint"", ""coordinates"": [[172.767742907473, -43.57634810788179]]}",Scarborough,Heritage Trail,936
5b418dfc3d88413b6ca9e15f,"{""type"": ""MultiPoint"", ""coordinates"": [[172.694587117428, -43.4325469631173]]}",Spencerville,Styx Riverbank Reserve,959
5b418dfc3d88413b6ca9e165,"{""type"": ""MultiPoint"", ""coordinates"": [[172.66697569329898, -43.52195156749679]]}",Avonside,Retreat Reserve,964
5b418dfc3d88413b6ca9e17a,"{""type"": ""MultiPoint"", ""coordinates"": [[172.630232687149, -43.4657638509779]]}",Marshland,Styx River Conservation Reserve,994
5b418dfc3d88413b6ca9e12c,"{""type"": ""MultiPoint"", ""coordinates"": [[172.635294411047, -43.6199987453218]]}",Governors Bay,Hoon Hay Scenic Reserve,869
5b418dfc3d88413b6ca9e133,"{""type"": ""MultiPoint"", ""coordinates"": [[172.633393169223, -43.526220213824395]]}",Central City,Victoria Triangles,876
5b418dfc3d88413b6ca9e138,"{""type"": ""MultiPoint"", ""coordinates"": [[172.618312037684, -43.5197001113091]]}",Merivale,Rangi Ruru Girls School,885
5b418dfc3d88413b6ca9e14d,"{""type"": ""MultiPoint"", ""coordinates"": [[172.608785277904, -43.4679596951415]]}",Styx,Creedon Reserve,927
5b418dfc3d88413b6ca9e14f,"{""type"": ""MultiPoint"", ""coordinates"": [[172.65946803964198, -43.557347376018996]]}",Opawa,Fifield Reserve,929
5b418dfc3d88413b6ca9e15d,"{""type"": ""MultiPoint"", ""coordinates"": [[172.643383287987, -43.5379497162107]]}",Central City,Christchurch Polytechnic Institute of Technology,950
5b418dfc3d88413b6ca9e124,"{""type"": ""MultiPoint"", ""coordinates"": [[172.606531767384, -43.5194296384275]]}",Fendalton,Clifford Reserve,86
5b418dfc3d88413b6ca9e139,"{""type"": ""MultiPoint"", ""coordinates"": [[172.62789368491096, -43.5071170974873]]}",St Albans,St Albans Catholic School,886
5b418dfc3d88413b6ca9e149,"{""type"": ""MultiPoint"", ""coordinates"": [[172.723211025269, -43.501360513082595]]}",New Brighton,Rawhiti Domain,920
5b418dfc3d88413b6ca9e168,"{""type"": ""MultiPoint"", ""coordinates"": [[172.639354956223, -43.5064033707013]]}",St Albans,Forfar Courts,968
5b418dfc3d88413b6ca9e16f,"{""type"": ""MultiPoint"", ""coordinates"": [[172.649642753233, -43.5145534116839]]}",St Albans,Champion Reserve,975
5b418dfc3d88413b6ca9e12e,"{""type"": ""MultiPoint"", ""coordinates"": [[172.67784400760996, -43.593060448006696]]}",Lyttelton,Witch Hill,870
5b418dfc3d88413b6ca9e13b,"{""type"": ""MultiPoint"", ""coordinates"": [[172.590330565104, -43.515484715617]]}",Fendalton,Otara Reserve,89
5b418dfc3d88413b6ca9e13c,"{""type"": ""MultiPoint"", ""coordinates"": [[172.706147252332, -43.4912101094668]]}",Travis,Queen Elizabeth II Park,890
5b418dfc3d88413b6ca9e141,"{""type"": ""MultiPoint"", ""coordinates"": [[172.472250051794, -43.5513694669722]]}",Templeton,Templeton War Memorial Reserve,895
5b418dfc3d88413b6ca9e148,"{""type"": ""MultiPoint"", ""coordinates"": [[172.591340774721, -43.5153556372062]]}",Fendalton,Fendalton Community Centre,92
5b418dfc3d88413b6ca9e170,"{""type"": ""MultiPoint"", ""coordinates"": [[172.656850278331, -43.4925342422491]]}",Marshland,Sanctuary Gardens Reserve,976
5b418dfc3d88413b6ca9e125,"{""type"": ""MultiPoint"", ""coordinates"": [[172.606859628179, -43.56443816059989]]}",Hoon Hay,Our Lady Of The Assumption School,860
5b418dfc3d88413b6ca9e12f,"{""type"": ""MultiPoint"", ""coordinates"": [[172.667001308136, -43.5798314651871]]}",Hillsborough,Mt Vernon Park,871
5b418dfc3d88413b6ca9e14a,"{""type"": ""MultiPoint"", ""coordinates"": [[172.60901959644897, -43.58287541983329]]}",Hoon Hay Valley,Westmorland East Valley Reserve,922
5b418dfc3d88413b6ca9e14c,"{""type"": ""MultiPoint"", ""coordinates"": [[172.464380427097, -43.5437141997745]]}",Templeton,Brackenridge Estate,926
5b418dfc3d88413b6ca9e155,"{""type"": ""MultiPoint"", ""coordinates"": [[172.47259492593, -43.554609569505]]}",Templeton,Railway Reserve,939
5b418dfc3d88413b6ca9e167,"{""type"": ""MultiPoint"", ""coordinates"": [[172.609682677762, -43.4716456069617]]}",Styx,Aylsham Reserve,966
5b418dfc3d88413b6ca9e175,"{""type"": ""MultiPoint"", ""coordinates"": [[172.538772301655, -43.5526072889495]]}",Hornby,De Lange Reserve,986
5b418dfc3d88413b6ca9e176,"{""type"": ""MultiPoint"", ""coordinates"": [[172.69364295187, -43.40725049846359]]}",Brooklands,Lower Styx Reserve,987
5b418dfc3d88413b6ca9e129,"{""type"": ""MultiPoint"", ""coordinates"": [[172.656364878686, -43.52750115106689]]}",Linwood,Haast Courts,865
5b418dfc3d88413b6ca9e145,"{""type"": ""MultiPoint"", ""coordinates"": [[172.602442399468, -43.4944774486566]]}",Papanui,Fairhaven Residential Flats,906
5b418dfc3d88413b6ca9e153,"{""type"": ""MultiPoint"", ""coordinates"": [[172.664944537476, -43.4553737041198]]}",Ouruhia,Styx River Esplanade Reserve,934
5b418dfc3d88413b6ca9e157,"{""type"": ""MultiPoint"", ""coordinates"": [[172.591354805707, -43.5138898367215]]}",Fendalton,Fendalton Library,940
5b418dfc3d88413b6ca9e15b,"{""type"": ""MultiPoint"", ""coordinates"": [[172.645245010795, -43.537359740777994]]}",Central City,Christchurch Polytechnic Institute of Technology,948
5b418dfc3d88413b6ca9e169,"{""type"": ""MultiPoint"", ""coordinates"": [[172.69330720391497, -43.4315665257328]]}",Spencerville,Styx Riverbank Reserve,969
5b418dfc3d88413b6ca9e128,"{""type"": ""MultiPoint"", ""coordinates"": [[172.595871942029, -43.5088759841159]]}",Bryndwr,St Winifreds Hospital & Rest Home,864
5b418dfc3d88413b6ca9e13d,"{""type"": ""MultiPoint"", ""coordinates"": [[172.706185467073, -43.4912428006981]]}",Travis,QE2 Park,891
5b418dfc3d88413b6ca9e135,"{""type"": ""MultiPoint"", ""coordinates"": [[172.650387687566, -43.5575439359781]]}",St Martins,St Martins Park,88
5b418dfc3d88413b6ca9e136,"{""type"": ""MultiPoint"", ""coordinates"": [[172.54694570081696, -43.5193792122323]]}",Avonhead,Stewarts Bush Reserve,883
5b418dfc3d88413b6ca9e159,"{""type"": ""MultiPoint"", ""coordinates"": [[172.67847422897, -43.5533516248023]]}",Woolston,Heathcote Riverbank,942
5b418dfc3d88413b6ca9e166,"{""type"": ""MultiPoint"", ""coordinates"": [[172.689878934497, -43.4796160637669]]}",Burwood,Putake Reserve,965
5b418dfc3d88413b6ca9e16a,"{""type"": ""MultiPoint"", ""coordinates"": [[172.63715329386397, -43.5231462100768]]}",Central City,Rose Historic Chapel Reserve,97
5b418dfc3d88413b6ca9e174,"{""type"": ""MultiPoint"", ""coordinates"": [[172.725009748746, -43.5790386467032]]}",Mt Pleasant,John Britten Reserve,980
5b418dfc3d88413b6ca9e17d,"{""type"": ""MultiPoint"", ""coordinates"": [[172.540793360414, -43.5507399941849]]}",Hornby,Sioux Reserve,999
5b418dfc3d88413b6ca9e13f,"{""type"": ""MultiPoint"", ""coordinates"": [[172.650348515954, -43.4947388521519]]}",Mairehau,Briggs Reserve,893
5b418dfc3d88413b6ca9e15e,"{""type"": ""MultiPoint"", ""coordinates"": [[172.577357076354, -43.5761302949414]]}",Halswell,Forgan Reserve,957
5b418dfc3d88413b6ca9e172,"{""type"": ""MultiPoint"", ""coordinates"": [[172.638051069998, -43.5771466328156]]}",Cashmere,Longhurst Walkway,979
5b418dfc3d88413b6ca9e173,"{""type"": ""MultiPoint"", ""coordinates"": [[172.636728739569, -43.5580340681419]]}",Somerfield,Colombo Reserve,98
5b418dfc3d88413b6ca9e126,"{""type"": ""MultiPoint"", ""coordinates"": [[172.612156317152, -43.5459600020672]]}",Addington,Sacred Heart School,861
5b418dfc3d88413b6ca9e132,"{""type"": ""MultiPoint"", ""coordinates"": [[172.59517675258599, -43.4822047645653]]}",Casebrook,Veitch Reserve,874
5b418dfc3d88413b6ca9e13e,"{""type"": ""MultiPoint"", ""coordinates"": [[172.706147766856, -43.4912416957492]]}",Travis,QEII Park,892
5b418dfc3d88413b6ca9e162,"{""type"": ""MultiPoint"", ""coordinates"": [[172.565891101553, -43.4912365049307]]}",Burnside,Roydvale Reserve,961
5b418dfc3d88413b6ca9e178,"{""type"": ""MultiPoint"", ""coordinates"": [[172.637986743605, -43.5535091142448]]}",Sydenham,Beckenham Courts Rest Home,99
5b418dfc3d88413b6ca9e17c,"{""type"": ""MultiPoint"", ""coordinates"": [[172.735281835653, -43.5322881494082]]}",South New Brighton,South New Brighton Park,998
